0.000000e+00,0.000000e+00,2.521537e-01,3.324452e-01,4.476258e-01,5.616716e-01,6.730943e-01,7.860436e-01,8.983598e-01,1.010425e+00,1.122364e+00,1.234312e+00,1.346127e+00,1.457799e+00,1.569426e+00,1.680872e+00,1.792234e+00,1.903454e+00,2.014483e+00,2.125412e+00,2.236129e+00,2.346700e+00,2.457084e+00,2.567296e+00,2.677297e+00,2.787094e+00,2.896672e+00,3.006032e+00,3.115158e+00,3.224045e+00,3.332681e+00,3.441063e+00,3.549180e+00,3.657022e+00,3.764583e+00,3.871858e+00,3.978829e+00,4.085494e+00,4.191846e+00,4.297879e+00,4.403575e+00,4.508935e+00,4.613948e+00,4.718608e+00,4.822898e+00,4.926821e+00,5.030364e+00,5.133521e+00,5.236280e+00,5.338635e+00,5.440582e+00,5.542108e+00,5.643209e+00,5.743874e+00,5.844096e+00,5.943869e+00,6.043185e+00,6.142036e+00,6.240411e+00,6.338308e+00,6.435716e+00,6.532629e+00,6.629039e+00,6.724938e+00,6.820320e+00,6.915176e+00,7.009500e+00,7.103283e+00,7.196519e+00,7.289202e+00,7.381324e+00,7.472877e+00,7.563855e+00,7.654250e+00,7.744055e+00,7.833264e+00,7.921870e+00,8.009866e+00,8.097245e+00,8.184001e+00,8.270126e+00,8.355614e+00,8.440459e+00,8.524655e+00,8.608193e+00,8.691069e+00,8.773275e+00,8.854806e+00,8.935655e+00,9.015816e+00,9.095282e+00,9.174049e+00,9.252108e+00,9.329456e+00,9.406084e+00,9.481989e+00,9.557163e+00,9.631601e+00,9.705298e+00,9.778247e+00,9.850443e+00,9.921881e+00,9.992555e+00,1.006246e+01,1.013159e+01,1.019994e+01,1.026750e+01,1.033427e+01,1.040025e+01,1.046543e+01,1.052980e+01,1.059336e+01,1.065610e+01,1.071802e+01,1.077912e+01,1.083939e+01,1.089882e+01,1.095741e+01,1.101516e+01,1.107207e+01,1.112811e+01,1.118331e+01,1.123764e+01,1.129110e+01,1.134370e+01,1.139542e+01,1.144627e+01,1.149623e+01,1.154531e+01,1.159350e+01,1.164079e+01,1.168719e+01,1.173269e+01,1.177729e+01,1.182098e+01,1.186376e+01,1.190562e+01,1.194657e+01,1.198660e+01,1.202571e+01,1.206389e+01,1.210114e+01,1.213746e+01,1.217284e+01,1.220729e+01,1.224079e+01,1.227336e+01,1.230498e+01,1.233565e+01,1.236537e+01,1.239414e+01,1.242195e+01,1.244881e+01,1.247471e+01,1.249965e+01,1.252362e+01,1.254664e+01,1.256868e+01,1.258976e+01,1.260987e+01,1.262901e+01,1.264717e+01,1.266437e+01,1.268058e+01,1.269582e+01,1.271008e+01,1.272335e+01,1.273566e+01,1.274700e+01,1.275734e+01,1.276668e+01,1.277505e+01,1.278247e+01,1.278893e+01,1.279428e+01,1.279881e+01,1.280206e+01,1.280463e+01,1.280660e+01,1.280660e+01
0.000000e+00,0.000000e+00,0.000000e+00,0.000000e+00,0.000000e+00,0.000000e+00,0.000000e+00,0.000000e+00,0.000000e+00,0.000000e+00,0.000000e+00,0.000000e+00,0.000000e+00,0.000000e+00,0.000000e+00,0.000000e+00,0.000000e+00,0.000000e+00,0.000000e+00,0.000000e+00,0.000000e+00,0.000000e+00,0.000000e+00,0.000000e+00,0.000000e+00,0.000000e+00,0.000000e+00,0.000000e+00,0.000000e+00,0.000000e+00,0.000000e+00,0.000000e+00,0.000000e+00,0.000000e+00,0.000000e+00,0.000000e+00,0.000000e+00,0.000000e+00,0.000000e+00,0.000000e+00,0.000000e+00,0.000000e+00,0.000000e+00,0.000000e+00,0.000000e+00,0.000000e+00,0.000000e+00,0.000000e+00,0.000000e+00,0.000000e+00,0.000000e+00,0.000000e+00,0.000000e+00,0.000000e+00,0.000000e+00,0.000000e+00,0.000000e+00,0.000000e+00,0.000000e+00,0.000000e+00,0.000000e+00,0.000000e+00,0.000000e+00,0.000000e+00,0.000000e+00,0.000000e+00,0.000000e+00,0.000000e+00,0.000000e+00,0.000000e+00,0.000000e+00,0.000000e+00,0.000000e+00,0.000000e+00,0.000000e+00,0.000000e+00,0.000000e+00,0.000000e+00,0.000000e+00,0.000000e+00,0.000000e+00,0.000000e+00,0.000000e+00,0.000000e+00,0.000000e+00,0.000000e+00,0.000000e+00,0.000000e+00,0.000000e+00,0.000000e+00,0.000000e+00,0.000000e+00,0.000000e+00,0.000000e+00,0.000000e+00,0.000000e+00,0.000000e+00,0.000000e+00,0.000000e+00,0.000000e+00,0.000000e+00,0.000000e+00,0.000000e+00,0.000000e+00,0.000000e+00,0.000000e+00,0.000000e+00,0.000000e+00,0.000000e+00,0.000000e+00,0.000000e+00,0.000000e+00,0.000000e+00,0.000000e+00,0.000000e+00,0.000000e+00,0.000000e+00,0.000000e+00,0.000000e+00,0.000000e+00,0.000000e+00,0.000000e+00,0.000000e+00,0.000000e+00,0.000000e+00,0.000000e+00,0.000000e+00,0.000000e+00,0.000000e+00,0.000000e+00,0.000000e+00,0.000000e+00,0.000000e+00,0.000000e+00,0.000000e+00,0.000000e+00,0.000000e+00,0.000000e+00,0.000000e+00,0.000000e+00,0.000000e+00,0.000000e+00,0.000000e+00,0.000000e+00,0.000000e+00,0.000000e+00,0.000000e+00,0.000000e+00,0.000000e+00,0.000000e+00,0.000000e+00,0.000000e+00,0.000000e+00,0.000000e+00,0.000000e+00,0.000000e+00,0.000000e+00,0.000000e+00,0.000000e+00,0.000000e+00,0.000000e+00,0.000000e+00,0.000000e+00,0.000000e+00,0.000000e+00,0.000000e+00,0.000000e+00,0.000000e+00,0.000000e+00,0.000000e+00,0.000000e+00,0.000000e+00,0.000000e+00,0.000000e+00,0.000000e+00,0.000000e+00,0.000000e+00,0.000000e+00,0.000000e+00,0.000000e+00
1.280660e+01,nan,1.280396e+01,1.280239e+01,1.279881e+01,1.279428e+01,1.278893e+01,1.278246e+01,1.277505e+01,1.276668e+01,1.275733e+01,1.274698e+01,1.273566e+01,1.272336e+01,1.271007e+01,1.269582e+01,1.268058e+01,1.266436e+01,1.264717e+01,1.262900e+01,1.260987e+01,1.258976e+01,1.256869e+01,1.254664e+01,1.252362e+01,1.249965e+01,1.247471e+01,1.244881e+01,1.242195e+01,1.239414e+01,1.236537e+01,1.233565e+01,1.230498e+01,1.227336e+01,1.224079e+01,1.220729e+01,1.217284e+01,1.213746e+01,1.210114e+01,1.206389e+01,1.202571e+01,1.198660e+01,1.194657e+01,1.190562e+01,1.186376e+01,1.182098e+01,1.177729e+01,1.173269e+01,1.168719e+01,1.164079e+01,1.159350e+01,1.154531e+01,1.149623e+01,1.144627e+01,1.139542e+01,1.134370e+01,1.129110e+01,1.123764e+01,1.118331e+01,1.112812e+01,1.107207e+01,1.101517e+01,1.095741e+01,1.089882e+01,1.083939e+01,1.077912e+01,1.071802e+01,1.065610e+01,1.059336e+01,1.052980e+01,1.046543e+01,1.040025e+01,1.033427e+01,1.026750e+01,1.019994e+01,1.013159e+01,1.006246e+01,9.992554e+00,9.921881e+00,9.850443e+00,9.778247e+00,9.705298e+00,9.631602e+00,9.557163e+00,9.481989e+00,9.406085e+00,9.329455e+00,9.252108e+00,9.174049e+00,9.095283e+00,9.015816e+00,8.935655e+00,8.854806e+00,8.773275e+00,8.691069e+00,8.608193e+00,8.524655e+00,8.440460e+00,8.355614e+00,8.270126e+00,8.184001e+00,8.097245e+00,8.009866e+00,7.921870e+00,7.833264e+00,7.744055e+00,7.654250e+00,7.563855e+00,7.472877e+00,7.381324e+00,7.289203e+00,7.196520e+00,7.103283e+00,7.009500e+00,6.915176e+00,6.820320e+00,6.724938e+00,6.629040e+00,6.532630e+00,6.435716e+00,6.338309e+00,6.240411e+00,6.142035e+00,6.043185e+00,5.943870e+00,5.844097e+00,5.743873e+00,5.643210e+00,5.542108e+00,5.440582e+00,5.338636e+00,5.236278e+00,5.133519e+00,5.030364e+00,4.926820e+00,4.822898e+00,4.718607e+00,4.613947e+00,4.508934e+00,4.403578e+00,4.297876e+00,4.191846e+00,4.085494e+00,3.978829e+00,3.871857e+00,3.764585e+00,3.657023e+00,3.549180e+00,3.441064e+00,3.332685e+00,3.224046e+00,3.115153e+00,3.006026e+00,2.896672e+00,2.787092e+00,2.677297e+00,2.567295e+00,2.457096e+00,2.346700e+00,2.236129e+00,2.125401e+00,2.014498e+00,1.903414e+00,1.792234e+00,1.680872e+00,1.569382e+00,1.457862e+00,1.346125e+00,1.234201e+00,1.122282e+00,1.010425e+00,8.983600e-01,7.859289e-01,6.730987e-01,5.616651e-01,4.476257e-01,3.407299e-01,2.247767e-01,0.000000e+00,0.000000e+00
1.280660e+01,nan,1.280642e+01,1.280670e+01,1.280664e+01,1.280661e+01,1.280663e+01,1.280660e+01,1.280660e+01,1.280661e+01,1.280660e+01,1.280660e+01,1.280660e+01,1.280661e+01,1.280660e+01,1.280660e+01,1.280660e+01,1.280660e+01,1.280660e+01,1.280660e+01,1.280660e+01,1.280660e+01,1.280660e+01,1.280660e+01,1.280660e+01,1.280660e+01,1.280660e+01,1.280660e+01,1.280660e+01,1.280660e+01,1.280660e+01,1.280660e+01,1.280660e+01,1.280660e+01,1.280660e+01,1.280660e+01,1.280660e+01,1.280660e+01,1.280660e+01,1.280660e+01,1.280660e+01,1.280660e+01,1.280660e+01,1.280660e+01,1.280660e+01,1.280660e+01,1.280660e+01,1.280660e+01,1.280660e+01,1.280660e+01,1.280660e+01,1.280660e+01,1.280660e+01,1.280660e+01,1.280660e+01,1.280660e+01,1.280660e+01,1.280660e+01,1.280660e+01,1.280660e+01,1.280660e+01,1.280660e+01,1.280660e+01,1.280660e+01,1.280660e+01,1.280660e+01,1.280660e+01,1.280660e+01,1.280660e+01,1.280660e+01,1.280660e+01,1.280660e+01,1.280660e+01,1.280660e+01,1.280660e+01,1.280660e+01,1.280660e+01,1.280660e+01,1.280660e+01,1.280660e+01,1.280660e+01,1.280660e+01,1.280660e+01,1.280660e+01,1.280660e+01,1.280660e+01,1.280660e+01,1.280660e+01,1.280660e+01,1.280660e+01,1.280660e+01,1.280660e+01,1.280660e+01,1.280660e+01,1.280660e+01,1.280660e+01,1.280660e+01,1.280660e+01,1.280660e+01,1.280660e+01,1.280660e+01,1.280660e+01,1.280660e+01,1.280660e+01,1.280660e+01,1.280660e+01,1.280660e+01,1.280660e+01,1.280660e+01,1.280660e+01,1.280660e+01,1.280660e+01,1.280660e+01,1.280660e+01,1.280660e+01,1.280660e+01,1.280660e+01,1.280660e+01,1.280660e+01,1.280660e+01,1.280660e+01,1.280660e+01,1.280660e+01,1.280660e+01,1.280660e+01,1.280660e+01,1.280660e+01,1.280660e+01,1.280660e+01,1.280660e+01,1.280660e+01,1.280660e+01,1.280660e+01,1.280660e+01,1.280660e+01,1.280660e+01,1.280660e+01,1.280660e+01,1.280660e+01,1.280660e+01,1.280660e+01,1.280660e+01,1.280660e+01,1.280660e+01,1.280660e+01,1.280660e+01,1.280660e+01,1.280660e+01,1.280660e+01,1.280660e+01,1.280660e+01,1.280660e+01,1.280660e+01,1.280660e+01,1.280660e+01,1.280660e+01,1.280660e+01,1.280660e+01,1.280660e+01,1.280660e+01,1.280660e+01,1.280660e+01,1.280661e+01,1.280660e+01,1.280660e+01,1.280660e+01,1.280660e+01,1.280660e+01,1.280661e+01,1.280661e+01,1.280661e+01,1.280660e+01,1.280661e+01,1.280663e+01,1.280661e+01,1.280664e+01,1.280660e+01,1.280660e+01,nan,1.280660e+01
2.688965e+01,2.688965e+01,2.688965e+01,7.700367e+01,7.447691e+01,7.340752e+01,7.373379e+01,7.342094e+01,7.336142e+01,7.336708e+01,7.337759e+01,7.336788e+01,7.336765e+01,7.337529e+01,7.336825e+01,7.337350e+01,7.337054e+01,7.336832e+01,7.337344e+01,7.336909e+01,7.337268e+01,7.337271e+01,7.337318e+01,7.337156e+01,7.337153e+01,7.337170e+01,7.337192e+01,7.337160e+01,7.337139e+01,7.337144e+01,7.337160e+01,7.337145e+01,7.337147e+01,7.337150e+01,7.337169e+01,7.337131e+01,7.337152e+01,7.337175e+01,7.337161e+01,7.337147e+01,7.337145e+01,7.337155e+01,7.337148e+01,7.337147e+01,7.337162e+01,7.337130e+01,7.337129e+01,7.337133e+01,7.337159e+01,7.337146e+01,7.337145e+01,7.337149e+01,7.337156e+01,7.337141e+01,7.337153e+01,7.337145e+01,7.337135e+01,7.337138e+01,7.337144e+01,7.337145e+01,7.337151e+01,7.337152e+01,7.337140e+01,7.337142e+01,7.337147e+01,7.337146e+01,7.337140e+01,7.337153e+01,7.337151e+01,7.337148e+01,7.337144e+01,7.337143e+01,7.337143e+01,7.337145e+01,7.337141e+01,7.337148e+01,7.337149e+01,7.337132e+01,7.337140e+01,7.337145e+01,7.337139e+01,7.337154e+01,7.337149e+01,7.337139e+01,7.337145e+01,7.337145e+01,7.337147e+01,7.337145e+01,7.337149e+01,7.337138e+01,7.337142e+01,7.337147e+01,7.337145e+01,7.337147e+01,7.337142e+01,7.337137e+01,7.337143e+01,7.337141e+01,7.337146e+01,7.337143e+01,7.337138e+01,7.337140e+01,7.337148e+01,7.337138e+01,7.337138e+01,7.337135e+01,7.337138e+01,7.337137e+01,7.337137e+01,7.337138e+01,7.337138e+01,7.337138e+01,7.337138e+01,7.337136e+01,7.337142e+01,7.337141e+01,7.337142e+01,7.337132e+01,7.337145e+01,7.337147e+01,7.337145e+01,7.337146e+01,7.337148e+01,7.337156e+01,7.337140e+01,7.337152e+01,7.337144e+01,7.337130e+01,7.337145e+01,7.337152e+01,7.337145e+01,7.337145e+01,7.337138e+01,7.337129e+01,7.337150e+01,7.337154e+01,7.337143e+01,7.337149e+01,7.337165e+01,7.337116e+01,7.337182e+01,7.337164e+01,7.337173e+01,7.337155e+01,7.337157e+01,7.337119e+01,7.337147e+01,7.337156e+01,7.337148e+01,7.337143e+01,7.337161e+01,7.337243e+01,7.337241e+01,7.337182e+01,7.337181e+01,7.337157e+01,7.337141e+01,7.337231e+01,7.337258e+01,7.337287e+01,7.337140e+01,7.337148e+01,7.337482e+01,7.337058e+01,7.337380e+01,7.337585e+01,7.336182e+01,7.336762e+01,7.339469e+01,7.339603e+01,7.336688e+01,7.336182e+01,7.345847e+01,7.373313e+01,7.341293e+01,7.447309e+01,7.038556e+01,7.340326e+01,7.340326e+01,7.340326e+01
6.099147e+00,6.099147e+00,6.099147e+00,2.129920e+00,2.202158e+00,2.234228e+00,2.224350e+00,2.233820e+00,2.235631e+00,2.235460e+00,2.235138e+00,2.235434e+00,2.235442e+00,2.235210e+00,2.235423e+00,2.235263e+00,2.235354e+00,2.235420e+00,2.235266e+00,2.235397e+00,2.235289e+00,2.235288e+00,2.235273e+00,2.235322e+00,2.235323e+00,2.235318e+00,2.235312e+00,2.235322e+00,2.235327e+00,2.235326e+00,2.235322e+00,2.235326e+00,2.235325e+00,2.235324e+00,2.235319e+00,2.235330e+00,2.235324e+00,2.235317e+00,2.235321e+00,2.235325e+00,2.235325e+00,2.235323e+00,2.235325e+00,2.235325e+00,2.235321e+00,2.235330e+00,2.235330e+00,2.235329e+00,2.235322e+00,2.235325e+00,2.235326e+00,2.235325e+00,2.235323e+00,2.235327e+00,2.235324e+00,2.235326e+00,2.235329e+00,2.235328e+00,2.235326e+00,2.235326e+00,2.235324e+00,2.235324e+00,2.235327e+00,2.235327e+00,2.235325e+00,2.235325e+00,2.235327e+00,2.235324e+00,2.235324e+00,2.235325e+00,2.235326e+00,2.235327e+00,2.235327e+00,2.235326e+00,2.235327e+00,2.235325e+00,2.235325e+00,2.235330e+00,2.235327e+00,2.235326e+00,2.235328e+00,2.235323e+00,2.235325e+00,2.235328e+00,2.235326e+00,2.235326e+00,2.235325e+00,2.235326e+00,2.235325e+00,2.235328e+00,2.235327e+00,2.235325e+00,2.235326e+00,2.235325e+00,2.235327e+00,2.235328e+00,2.235327e+00,2.235327e+00,2.235325e+00,2.235327e+00,2.235328e+00,2.235327e+00,2.235325e+00,2.235328e+00,2.235328e+00,2.235329e+00,2.235328e+00,2.235329e+00,2.235329e+00,2.235328e+00,2.235328e+00,2.235328e+00,2.235328e+00,2.235329e+00,2.235327e+00,2.235327e+00,2.235327e+00,2.235330e+00,2.235326e+00,2.235325e+00,2.235326e+00,2.235325e+00,2.235325e+00,2.235323e+00,2.235327e+00,2.235324e+00,2.235326e+00,2.235330e+00,2.235326e+00,2.235324e+00,2.235326e+00,2.235326e+00,2.235328e+00,2.235330e+00,2.235324e+00,2.235323e+00,2.235327e+00,2.235325e+00,2.235320e+00,2.235335e+00,2.235315e+00,2.235320e+00,2.235318e+00,2.235323e+00,2.235323e+00,2.235334e+00,2.235325e+00,2.235323e+00,2.235325e+00,2.235327e+00,2.235321e+00,2.235296e+00,2.235297e+00,2.235315e+00,2.235315e+00,2.235322e+00,2.235327e+00,2.235300e+00,2.235292e+00,2.235283e+00,2.235328e+00,2.235325e+00,2.235224e+00,2.235352e+00,2.235254e+00,2.235192e+00,2.235619e+00,2.235443e+00,2.234621e+00,2.234578e+00,2.235466e+00,2.235619e+00,2.232680e+00,2.224369e+00,2.234063e+00,2.202271e+00,2.330150e+00,2.234357e+00,2.234357e+00,2.234357e+00
0.000000e+00,0.000000e+00,1.430915e-01,2.030848e-01,2.646500e-01,3.279929e-01,3.932583e-01,4.589879e-01,5.244739e-01,5.900373e-01,6.554941e-01,7.211301e-01,7.865816e-01,8.518702e-01,9.173671e-01,9.826313e-01,1.047960e+00,1.113260e+00,1.178470e+00,1.243664e+00,1.308804e+00,1.373886e+00,1.438920e+00,1.503902e+00,1.568804e+00,1.633675e+00,1.698475e+00,1.763206e+00,1.827878e+00,1.892475e+00,1.956988e+00,2.021426e+00,2.085791e+00,2.150067e+00,2.214264e+00,2.278362e+00,2.342380e+00,2.406297e+00,2.470111e+00,2.533828e+00,2.597436e+00,2.660943e+00,2.724334e+00,2.787610e+00,2.850771e+00,2.913808e+00,2.976721e+00,3.039507e+00,3.102159e+00,3.164676e+00,3.227054e+00,3.289291e+00,3.351380e+00,3.413315e+00,3.475099e+00,3.536725e+00,3.598189e+00,3.659485e+00,3.720611e+00,3.781562e+00,3.842336e+00,3.902928e+00,3.963330e+00,4.023543e+00,4.083559e+00,4.143375e+00,4.202985e+00,4.262388e+00,4.321574e+00,4.380543e+00,4.439288e+00,4.497805e+00,4.556091e+00,4.614135e+00,4.671936e+00,4.729493e+00,4.786796e+00,4.843838e+00,4.900622e+00,4.957130e+00,5.013367e+00,5.069329e+00,5.125002e+00,5.180386e+00,5.235476e+00,5.290256e+00,5.344739e+00,5.398907e+00,5.452759e+00,5.506274e+00,5.559472e+00,5.612334e+00,5.664860e+00,5.717024e+00,5.768837e+00,5.820290e+00,5.871393e+00,5.922098e+00,5.972455e+00,6.022407e+00,6.071961e+00,6.121138e+00,6.169908e+00,6.218216e+00,6.266153e+00,6.313666e+00,6.360750e+00,6.407399e+00,6.453606e+00,7.416302e+00,7.475986e+00,7.534452e+00,7.591691e+00,7.647698e+00,7.702392e+00,7.755958e+00,7.808232e+00,7.859271e+00,7.909043e+00,7.957573e+00,8.004847e+00,8.050881e+00,8.095669e+00,8.139196e+00,8.181493e+00,8.222557e+00,8.262397e+00,8.301016e+00,8.338428e+00,8.374640e+00,8.409661e+00,8.443506e+00,8.476187e+00,8.507715e+00,8.538104e+00,8.567370e+00,8.595531e+00,8.622601e+00,8.648597e+00,8.673538e+00,8.697442e+00,8.720329e+00,8.742220e+00,8.763134e+00,8.783093e+00,8.802118e+00,8.820233e+00,8.837460e+00,8.853821e+00,8.869341e+00,8.884041e+00,8.897948e+00,8.911086e+00,8.923476e+00,8.935145e+00,8.946117e+00,8.956416e+00,8.966065e+00,8.975089e+00,8.983512e+00,8.991354e+00,8.998640e+00,9.005393e+00,9.011632e+00,9.017379e+00,9.022654e+00,9.027477e+00,9.031863e+00,9.035834e+00,9.039402e+00,9.042584e+00,9.045392e+00,9.047839e+00,9.049938e+00,9.051696e+00,9.053125e+00,9.054228e+00,9.055011e+00,9.055481e+00,9.055636e+00
0.000000e+00,0.000000e+00,1.430915e-01,2.030848e-01,2.646500e-01,3.279929e-01,3.932583e-01,4.589879e-01,5.244739e-01,5.900373e-01,6.554941e-01,7.211301e-01,7.865816e-01,8.518702e-01,9.173671e-01,9.826313e-01,1.047960e+00,1.113260e+00,1.178470e+00,1.243664e+00,1.308804e+00,1.373886e+00,1.438920e+00,1.503902e+00,1.568804e+00,1.633675e+00,1.698475e+00,1.763206e+00,1.827878e+00,1.892475e+00,1.956988e+00,2.021426e+00,2.085791e+00,2.150067e+00,2.214264e+00,2.278362e+00,2.342380e+00,2.406297e+00,2.470111e+00,2.533828e+00,2.597436e+00,2.660943e+00,2.724334e+00,2.787610e+00,2.850771e+00,2.913808e+00,2.976721e+00,3.039507e+00,3.102159e+00,3.164676e+00,3.227054e+00,3.289291e+00,3.351380e+00,3.413315e+00,3.475099e+00,3.536725e+00,3.598189e+00,3.659485e+00,3.720611e+00,3.781562e+00,3.842336e+00,3.902928e+00,3.963330e+00,4.023543e+00,4.083559e+00,4.143375e+00,4.202985e+00,4.262388e+00,4.321574e+00,4.380543e+00,4.439288e+00,4.497805e+00,4.556091e+00,4.614135e+00,4.671936e+00,4.729493e+00,4.786796e+00,4.843838e+00,4.900622e+00,4.957130e+00,5.013367e+00,5.069329e+00,5.125002e+00,5.180386e+00,5.235476e+00,5.290256e+00,5.344739e+00,5.398907e+00,5.452759e+00,5.506274e+00,5.559472e+00,5.612334e+00,5.664860e+00,5.717024e+00,5.768837e+00,5.820290e+00,5.871393e+00,5.922098e+00,5.972455e+00,6.022407e+00,6.071961e+00,6.121138e+00,6.169908e+00,6.218216e+00,6.266153e+00,6.313666e+00,6.360750e+00,6.407399e+00,6.453606e+00,7.416302e+00,7.475986e+00,7.534452e+00,7.591691e+00,7.647698e+00,7.702392e+00,7.755958e+00,7.808232e+00,7.859271e+00,7.909043e+00,7.957573e+00,8.004847e+00,8.050881e+00,8.095669e+00,8.139196e+00,8.181493e+00,8.222557e+00,8.262397e+00,8.301016e+00,8.338428e+00,8.374640e+00,8.409661e+00,8.443506e+00,8.476187e+00,8.507715e+00,8.538104e+00,8.567370e+00,8.595531e+00,8.622601e+00,8.648597e+00,8.673538e+00,8.697442e+00,8.720329e+00,8.742220e+00,8.763134e+00,8.783093e+00,8.802118e+00,8.820233e+00,8.837460e+00,8.853821e+00,8.869341e+00,8.884041e+00,8.897948e+00,8.911086e+00,8.923476e+00,8.935145e+00,8.946117e+00,8.956416e+00,8.966065e+00,8.975089e+00,8.983512e+00,8.991354e+00,8.998640e+00,9.005393e+00,9.011632e+00,9.017379e+00,9.022654e+00,9.027477e+00,9.031863e+00,9.035834e+00,9.039402e+00,9.042584e+00,9.045392e+00,9.047839e+00,9.049938e+00,9.051696e+00,9.053125e+00,9.054228e+00,9.055011e+00,9.055481e+00,9.055636e+00
1.280660e+01,nan,1.280457e+01,1.280267e+01,1.279994e+01,1.279644e+01,1.279197e+01,1.278667e+01,1.278057e+01,1.277364e+01,1.276591e+01,1.275732e+01,1.274794e+01,1.273778e+01,1.272675e+01,1.271495e+01,1.270230e+01,1.268883e+01,1.267456e+01,1.265946e+01,1.264354e+01,1.262680e+01,1.260924e+01,1.259085e+01,1.257166e+01,1.255162e+01,1.253076e+01,1.250908e+01,1.248657e+01,1.246324e+01,1.243908e+01,1.241409e+01,1.238826e+01,1.236161e+01,1.233413e+01,1.230581e+01,1.227666e+01,1.224667e+01,1.221585e+01,1.218419e+01,1.215170e+01,1.211837e+01,1.208419e+01,1.204918e+01,1.201332e+01,1.197663e+01,1.193909e+01,1.190070e+01,1.186147e+01,1.182139e+01,1.178046e+01,1.173868e+01,1.169606e+01,1.165259e+01,1.160826e+01,1.156308e+01,1.151705e+01,1.147016e+01,1.142242e+01,1.137382e+01,1.132437e+01,1.127405e+01,1.122289e+01,1.117086e+01,1.111797e+01,1.106423e+01,1.100962e+01,1.095415e+01,1.089782e+01,1.084063e+01,1.078258e+01,1.072367e+01,1.066389e+01,1.060325e+01,1.054175e+01,1.047939e+01,1.041617e+01,1.035208e+01,1.028713e+01,1.022132e+01,1.015465e+01,1.008712e+01,1.001873e+01,9.949486e+00,9.879379e+00,9.808419e+00,9.736599e+00,9.663926e+00,9.590395e+00,9.516026e+00,9.440795e+00,9.364713e+00,9.287779e+00,9.210014e+00,9.131409e+00,9.051956e+00,8.971648e+00,8.890538e+00,8.808550e+00,8.725765e+00,8.642160e+00,8.557701e+00,8.472424e+00,8.386416e+00,8.299524e+00,8.211821e+00,8.123313e+00,8.034002e+00,7.943894e+00,6.019113e+00,5.898320e+00,5.777753e+00,5.657464e+00,5.537508e+00,5.418110e+00,5.298878e+00,5.180247e+00,5.062108e+00,4.944608e+00,4.827720e+00,4.711534e+00,4.596059e+00,4.481364e+00,4.367563e+00,4.254617e+00,4.142593e+00,4.031534e+00,3.921503e+00,3.812513e+00,3.704624e+00,3.597869e+00,3.492286e+00,3.387907e+00,3.284776e+00,3.182927e+00,3.082384e+00,2.983178e+00,2.885339e+00,2.788896e+00,2.693871e+00,2.600288e+00,2.508157e+00,2.417509e+00,2.328350e+00,2.240699e+00,2.154560e+00,2.069946e+00,1.986861e+00,1.905302e+00,1.825275e+00,1.746770e+00,1.669783e+00,1.594306e+00,1.520319e+00,1.447812e+00,1.376764e+00,1.307146e+00,1.238939e+00,1.172111e+00,1.106626e+00,1.042448e+00,9.795388e-01,9.178525e-01,8.573445e-01,7.979640e-01,7.396557e-01,6.823680e-01,6.260376e-01,5.706047e-01,5.160039e-01,4.621683e-01,4.090283e-01,3.565115e-01,3.045455e-01,2.530556e-01,2.019630e-01,1.511904e-01,1.006595e-01,5.028921e-02,3.093634e-07
1.280660e+01,nan,1.280615e+01,1.280579e+01,1.280519e+01,1.280447e+01,1.280351e+01,1.280240e+01,1.280111e+01,1.279965e+01,1.279803e+01,1.279622e+01,1.279425e+01,1.279213e+01,1.278981e+01,1.278735e+01,1.278471e+01,1.278190e+01,1.277893e+01,1.277579e+01,1.277249e+01,1.276903e+01,1.276541e+01,1.276163e+01,1.275768e+01,1.275358e+01,1.274932e+01,1.274490e+01,1.274033e+01,1.273560e+01,1.273072e+01,1.272569e+01,1.272051e+01,1.271517e+01,1.270970e+01,1.270407e+01,1.269830e+01,1.269239e+01,1.268634e+01,1.268015e+01,1.267382e+01,1.266735e+01,1.266075e+01,1.265402e+01,1.264716e+01,1.264017e+01,1.263305e+01,1.262581e+01,1.261844e+01,1.261096e+01,1.260335e+01,1.259563e+01,1.258780e+01,1.257985e+01,1.257180e+01,1.256363e+01,1.255536e+01,1.254699e+01,1.253852e+01,1.252994e+01,1.252128e+01,1.251252e+01,1.250367e+01,1.249473e+01,1.248571e+01,1.247660e+01,1.246741e+01,1.245815e+01,1.244881e+01,1.243940e+01,1.242992e+01,1.242037e+01,1.241076e+01,1.240108e+01,1.239135e+01,1.238156e+01,1.237172e+01,1.236183e+01,1.235190e+01,1.234191e+01,1.233189e+01,1.232184e+01,1.231174e+01,1.230162e+01,1.229147e+01,1.228128e+01,1.227108e+01,1.226086e+01,1.225062e+01,1.224037e+01,1.223011e+01,1.221984e+01,1.220957e+01,1.219929e+01,1.218902e+01,1.217876e+01,1.216850e+01,1.215826e+01,1.214803e+01,1.213782e+01,1.212763e+01,1.211746e+01,1.210732e+01,1.209721e+01,1.208714e+01,1.207711e+01,1.206711e+01,1.205716e+01,1.204726e+01,1.204011e+01,1.205017e+01,1.206060e+01,1.207138e+01,1.208249e+01,1.209394e+01,1.210569e+01,1.211775e+01,1.213008e+01,1.214270e+01,1.215557e+01,1.216870e+01,1.218205e+01,1.219562e+01,1.220940e+01,1.222336e+01,1.223750e+01,1.225180e+01,1.226623e+01,1.228080e+01,1.229547e+01,1.231024e+01,1.232508e+01,1.233999e+01,1.235493e+01,1.236991e+01,1.238489e+01,1.239987e+01,1.241482e+01,1.242973e+01,1.244458e+01,1.245935e+01,1.247403e+01,1.248860e+01,1.250303e+01,1.251733e+01,1.253145e+01,1.254540e+01,1.255914e+01,1.257268e+01,1.258598e+01,1.259903e+01,1.261181e+01,1.262432e+01,1.263653e+01,1.264842e+01,1.265998e+01,1.267120e+01,1.268207e+01,1.269256e+01,1.270266e+01,1.271236e+01,1.272165e+01,1.273051e+01,1.273894e+01,1.274691e+01,1.275443e+01,1.276147e+01,1.276803e+01,1.277410e+01,1.277968e+01,1.278474e+01,1.278930e+01,1.279333e+01,1.279684e+01,1.279981e+01,1.280225e+01,1.280415e+01,1.280551e+01,1.280633e+01,1.280660e+01
1.580643e+02,1.580643e+02,1.580643e+02,2.271984e+02,2.380657e+02,2.400971e+02,2.403342e+02,2.403258e+02,2.404684e+02,2.405582e+02,2.407043e+02,2.408207e+02,2.409853e+02,2.411890e+02,2.413617e+02,2.415880e+02,2.418033e+02,2.420405e+02,2.422976e+02,2.425694e+02,2.428547e+02,2.431540e+02,2.434733e+02,2.438058e+02,2.441538e+02,2.445184e+02,2.448980e+02,2.452954e+02,2.457083e+02,2.461391e+02,2.465850e+02,2.470503e+02,2.475318e+02,2.480320e+02,2.485486e+02,2.490844e+02,2.496385e+02,2.502110e+02,2.508028e+02,2.514145e+02,2.520458e+02,2.526975e+02,2.533707e+02,2.540638e+02,2.547783e+02,2.555159e+02,2.562757e+02,2.570589e+02,2.578657e+02,2.586971e+02,2.595539e+02,2.604366e+02,2.613457e+02,2.622821e+02,2.632478e+02,2.642426e+02,2.652685e+02,2.663253e+02,2.674152e+02,2.685399e+02,2.696996e+02,2.708969e+02,2.721333e+02,2.734105e+02,2.747306e+02,2.760954e+02,2.775084e+02,2.789710e+02,2.804873e+02,2.820592e+02,2.836908e+02,2.853869e+02,2.871502e+02,2.889871e+02,2.909022e+02,2.929012e+02,2.949917e+02,2.971811e+02,2.994778e+02,3.018916e+02,3.044341e+02,3.071173e+02,3.099568e+02,3.129698e+02,3.161752e+02,3.195955e+02,3.232597e+02,3.271992e+02,3.314523e+02,3.360627e+02,3.410914e+02,3.466050e+02,3.526873e+02,3.594424e+02,3.670055e+02,3.755534e+02,3.853217e+02,3.965890e+02,4.098148e+02,4.255417e+02,4.446288e+02,4.683981e+02,4.988620e+02,5.392947e+02,5.961499e+02,6.820120e+02,8.272710e+02,1.127568e+03,2.121813e+03,1.557089e+04,1.969168e+03,1.097391e+03,7.813110e+02,6.179032e+02,5.182112e+02,4.505256e+02,4.017582e+02,3.647896e+02,3.357780e+02,3.123149e+02,2.929083e+02,2.765285e+02,2.624817e+02,2.502801e+02,2.395282e+02,2.299533e+02,2.213425e+02,2.135343e+02,2.063918e+02,1.998149e+02,1.937182e+02,1.880323e+02,1.827006e+02,1.776774e+02,1.729242e+02,1.684063e+02,1.640972e+02,1.599733e+02,1.560151e+02,1.522057e+02,1.485311e+02,1.449776e+02,1.415367e+02,1.381986e+02,1.349566e+02,1.318037e+02,1.287355e+02,1.257475e+02,1.228364e+02,1.199999e+02,1.172356e+02,1.145426e+02,1.119204e+02,1.093679e+02,1.068863e+02,1.044759e+02,1.021374e+02,9.987279e+01,9.768346e+01,9.557117e+01,9.353820e+01,9.158690e+01,8.971970e+01,8.793941e+01,8.624872e+01,8.465003e+01,8.314677e+01,8.174123e+01,8.043647e+01,7.923484e+01,7.813918e+01,7.715163e+01,7.627454e+01,7.551019e+01,7.486014e+01,7.432612e+01,7.390928e+01,7.361069e+01,7.361069e+01,7.361069e+01
1.037534e+00,1.037534e+00,1.037534e+00,7.217791e-01,6.887599e-01,6.828469e-01,6.820625e-01,6.819575e-01,6.814044e-01,6.809813e-01,6.803800e-01,6.798427e-01,6.791517e-01,6.783330e-01,6.775816e-01,6.766638e-01,6.757582e-01,6.747749e-01,6.737192e-01,6.726064e-01,6.714402e-01,6.702206e-01,6.689305e-01,6.675897e-01,6.661926e-01,6.647365e-01,6.632271e-01,6.616570e-01,6.600334e-01,6.583506e-01,6.566171e-01,6.548223e-01,6.529752e-01,6.510706e-01,6.491151e-01,6.471026e-01,6.450363e-01,6.429173e-01,6.407443e-01,6.385164e-01,6.362360e-01,6.339021e-01,6.315132e-01,6.290746e-01,6.265841e-01,6.240386e-01,6.214413e-01,6.187914e-01,6.160894e-01,6.133348e-01,6.105270e-01,6.076665e-01,6.047543e-01,6.017893e-01,5.987690e-01,5.956960e-01,5.925676e-01,5.893857e-01,5.861484e-01,5.828535e-01,5.795033e-01,5.760944e-01,5.726260e-01,5.690975e-01,5.655067e-01,5.618534e-01,5.581331e-01,5.543467e-01,5.504888e-01,5.465603e-01,5.425564e-01,5.384722e-01,5.343077e-01,5.300551e-01,5.257116e-01,5.212732e-01,5.167314e-01,5.120810e-01,5.073146e-01,5.024239e-01,4.973990e-01,4.922310e-01,4.869055e-01,4.814092e-01,4.757278e-01,4.698437e-01,4.637347e-01,4.573778e-01,4.507459e-01,4.438102e-01,4.365278e-01,4.288575e-01,4.207494e-01,4.121447e-01,4.029704e-01,3.931347e-01,3.825242e-01,3.710323e-01,3.584569e-01,3.446328e-01,3.292889e-01,3.120601e-01,2.925191e-01,2.701419e-01,2.439775e-01,2.129138e-01,1.752435e-01,1.283644e-01,6.810550e-02,9.269476e-03,7.339618e-02,1.318887e-01,1.855167e-01,2.349359e-01,2.805767e-01,3.232584e-01,3.631116e-01,4.006091e-01,4.360065e-01,4.696307e-01,5.016994e-01,5.324542e-01,5.620704e-01,5.906795e-01,6.184847e-01,6.456122e-01,6.721873e-01,6.983101e-01,7.241026e-01,7.496466e-01,7.750328e-01,8.003449e-01,8.256593e-01,8.510417e-01,8.765559e-01,9.022723e-01,9.282462e-01,9.545335e-01,9.811858e-01,1.008254e+00,1.035782e+00,1.063826e+00,1.092414e+00,1.121594e+00,1.151395e+00,1.181856e+00,1.213001e+00,1.244854e+00,1.277438e+00,1.310761e+00,1.344834e+00,1.379654e+00,1.415211e+00,1.451493e+00,1.488463e+00,1.526080e+00,1.564297e+00,1.603034e+00,1.642210e+00,1.681724e+00,1.721453e+00,1.761256e+00,1.800974e+00,1.840421e+00,1.879397e+00,1.917688e+00,1.955041e+00,1.991211e+00,2.025922e+00,2.058900e+00,2.089856e+00,2.118511e+00,2.144582e+00,2.167798e+00,2.187914e+00,2.204704e+00,2.217977e+00,2.227577e+00,2.227577e+00,2.227577e+00
