0.000000e+00,0.000000e+00,7.783646e-02,1.166428e-01,1.555096e-01,1.943629e-01,2.332102e-01,2.720311e-01,3.108346e-01,3.496150e-01,3.883656e-01,4.270854e-01,4.657743e-01,5.044271e-01,5.430400e-01,5.816128e-01,6.201396e-01,6.586188e-01,6.970477e-01,7.354218e-01,7.737405e-01,8.119993e-01,8.501951e-01,8.883266e-01,9.263882e-01,9.643794e-01,1.002296e+00,1.040136e+00,1.077895e+00,1.115571e+00,1.153162e+00,1.190664e+00,1.228074e+00,1.265389e+00,1.302607e+00,1.339725e+00,1.376739e+00,1.413648e+00,1.450448e+00,1.487135e+00,1.523709e+00,1.560165e+00,1.596501e+00,1.632714e+00,1.668801e+00,1.704760e+00,1.740588e+00,1.776281e+00,1.811838e+00,1.847255e+00,1.882530e+00,1.917660e+00,1.952642e+00,1.987473e+00,2.022152e+00,2.056675e+00,2.091040e+00,2.125244e+00,2.159284e+00,2.193158e+00,2.226863e+00,2.260396e+00,2.293755e+00,2.326938e+00,2.359942e+00,2.392764e+00,2.425401e+00,2.457852e+00,2.490113e+00,2.522183e+00,2.554058e+00,2.585737e+00,2.617217e+00,2.648495e+00,2.679569e+00,2.710437e+00,2.741096e+00,2.771544e+00,2.801779e+00,2.831798e+00,2.861598e+00,2.891178e+00,2.920536e+00,2.949669e+00,2.978575e+00,3.007251e+00,3.035696e+00,3.063907e+00,3.091882e+00,3.119619e+00,3.147116e+00,3.174370e+00,3.201380e+00,3.228144e+00,3.254659e+00,3.280923e+00,3.306934e+00,3.332691e+00,3.358191e+00,3.383433e+00,3.408414e+00,3.433132e+00,3.457587e+00,3.481775e+00,3.505695e+00,3.529344e+00,3.552723e+00,3.575827e+00,3.598656e+00,3.621208e+00,3.643481e+00,3.665474e+00,3.687184e+00,3.708611e+00,3.729752e+00,3.750605e+00,3.771170e+00,3.791444e+00,3.811426e+00,3.831115e+00,3.850509e+00,3.869607e+00,3.888406e+00,3.906906e+00,3.925105e+00,3.943001e+00,3.960595e+00,3.977883e+00,3.994865e+00,4.011539e+00,4.027904e+00,4.043960e+00,4.059703e+00,4.075135e+00,4.090251e+00,4.105054e+00,4.119540e+00,4.133709e+00,4.147559e+00,4.161091e+00,4.174302e+00,4.187191e+00,4.199758e+00,4.212001e+00,4.223920e+00,4.235513e+00,4.246781e+00,4.257722e+00,4.268334e+00,4.278618e+00,4.288574e+00,4.298199e+00,4.307492e+00,4.316453e+00,4.325082e+00,4.333379e+00,4.341339e+00,4.348969e+00,4.356262e+00,4.363220e+00,4.369842e+00,4.376128e+00,4.382074e+00,4.387686e+00,4.392959e+00,4.397892e+00,4.402488e+00,4.406746e+00,4.410665e+00,4.414241e+00,4.417480e+00,4.420378e+00,4.422934e+00,4.425153e+00,4.427028e+00,4.428565e+00,4.429759e+00,4.430614e+00,4.431294e+00,4.431294e+00
0.000000e+00,0.000000e+00,0.000000e+00,0.000000e+00,0.000000e+00,0.000000e+00,0.000000e+00,0.000000e+00,0.000000e+00,0.000000e+00,0.000000e+00,0.000000e+00,0.000000e+00,0.000000e+00,0.000000e+00,0.000000e+00,0.000000e+00,0.000000e+00,0.000000e+00,0.000000e+00,0.000000e+00,0.000000e+00,0.000000e+00,0.000000e+00,0.000000e+00,0.000000e+00,0.000000e+00,0.000000e+00,0.000000e+00,0.000000e+00,0.000000e+00,0.000000e+00,0.000000e+00,0.000000e+00,0.000000e+00,0.000000e+00,0.000000e+00,0.000000e+00,0.000000e+00,0.000000e+00,0.000000e+00,0.000000e+00,0.000000e+00,0.000000e+00,0.000000e+00,0.000000e+00,0.000000e+00,0.000000e+00,0.000000e+00,0.000000e+00,0.000000e+00,0.000000e+00,0.000000e+00,0.000000e+00,0.000000e+00,0.000000e+00,0.000000e+00,0.000000e+00,0.000000e+00,0.000000e+00,0.000000e+00,0.000000e+00,0.000000e+00,0.000000e+00,0.000000e+00,0.000000e+00,0.000000e+00,0.000000e+00,0.000000e+00,0.000000e+00,0.000000e+00,0.000000e+00,0.000000e+00,0.000000e+00,0.000000e+00,0.000000e+00,0.000000e+00,0.000000e+00,0.000000e+00,0.000000e+00,0.000000e+00,0.000000e+00,0.000000e+00,0.000000e+00,0.000000e+00,0.000000e+00,0.000000e+00,0.000000e+00,0.000000e+00,0.000000e+00,0.000000e+00,0.000000e+00,0.000000e+00,0.000000e+00,0.000000e+00,0.000000e+00,0.000000e+00,0.000000e+00,0.000000e+00,0.000000e+00,0.000000e+00,0.000000e+00,0.000000e+00,0.000000e+00,0.000000e+00,0.000000e+00,0.000000e+00,0.000000e+00,0.000000e+00,0.000000e+00,0.000000e+00,0.000000e+00,0.000000e+00,0.000000e+00,0.000000e+00,0.000000e+00,0.000000e+00,0.000000e+00,0.000000e+00,0.000000e+00,0.000000e+00,0.000000e+00,0.000000e+00,0.000000e+00,0.000000e+00,0.000000e+00,0.000000e+00,0.000000e+00,0.000000e+00,0.000000e+00,0.000000e+00,0.000000e+00,0.000000e+00,0.000000e+00,0.000000e+00,0.000000e+00,0.000000e+00,0.000000e+00,0.000000e+00,0.000000e+00,0.000000e+00,0.000000e+00,0.000000e+00,0.000000e+00,0.000000e+00,0.000000e+00,0.000000e+00,0.000000e+00,0.000000e+00,0.000000e+00,0.000000e+00,0.000000e+00,0.000000e+00,0.000000e+00,0.000000e+00,0.000000e+00,0.000000e+00,0.000000e+00,0.000000e+00,0.000000e+00,0.000000e+00,0.000000e+00,0.000000e+00,0.000000e+00,0.000000e+00,0.000000e+00,0.000000e+00,0.000000e+00,0.000000e+00,0.000000e+00,0.000000e+00,0.000000e+00,0.000000e+00,0.000000e+00,0.000000e+00,0.000000e+00,0.000000e+00,0.000000e+00,0.000000e+00,0.000000e+00
4.431294e+00,4.431296e+00,4.430610e+00,4.429758e+00,4.428564e+00,4.427029e+00,4.425153e+00,4.422936e+00,4.420378e+00,4.417480e+00,4.414242e+00,4.410665e+00,4.406747e+00,4.402490e+00,4.397894e+00,4.392959e+00,4.387686e+00,4.382075e+00,4.376127e+00,4.369842e+00,4.363220e+00,4.356262e+00,4.348969e+00,4.341341e+00,4.333378e+00,4.325082e+00,4.316453e+00,4.307491e+00,4.298198e+00,4.288574e+00,4.278619e+00,4.268335e+00,4.257722e+00,4.246782e+00,4.235514e+00,4.223920e+00,4.212001e+00,4.199757e+00,4.187191e+00,4.174301e+00,4.161090e+00,4.147559e+00,4.133709e+00,4.119540e+00,4.105054e+00,4.090251e+00,4.075134e+00,4.059703e+00,4.043959e+00,4.027904e+00,4.011539e+00,3.994865e+00,3.977883e+00,3.960595e+00,3.943002e+00,3.925105e+00,3.906906e+00,3.888406e+00,3.869606e+00,3.850509e+00,3.831115e+00,3.811426e+00,3.791444e+00,3.771170e+00,3.750605e+00,3.729751e+00,3.708611e+00,3.687184e+00,3.665474e+00,3.643481e+00,3.621208e+00,3.598656e+00,3.575827e+00,3.552722e+00,3.529344e+00,3.505695e+00,3.481775e+00,3.457587e+00,3.433132e+00,3.408414e+00,3.383433e+00,3.358191e+00,3.332691e+00,3.306934e+00,3.280923e+00,3.254658e+00,3.228144e+00,3.201380e+00,3.174370e+00,3.147116e+00,3.119619e+00,3.091882e+00,3.063907e+00,3.035696e+00,3.007251e+00,2.978575e+00,2.949669e+00,2.920536e+00,2.891179e+00,2.861598e+00,2.831797e+00,2.801779e+00,2.771544e+00,2.741096e+00,2.710437e+00,2.679569e+00,2.648495e+00,2.617217e+00,2.585737e+00,2.554058e+00,2.522183e+00,2.490113e+00,2.457852e+00,2.425401e+00,2.392763e+00,2.359942e+00,2.326938e+00,2.293755e+00,2.260396e+00,2.226863e+00,2.193158e+00,2.159284e+00,2.125244e+00,2.091040e+00,2.056676e+00,2.022153e+00,1.987473e+00,1.952641e+00,1.917660e+00,1.882530e+00,1.847255e+00,1.811837e+00,1.776281e+00,1.740587e+00,1.704760e+00,1.668802e+00,1.632714e+00,1.596501e+00,1.560166e+00,1.523709e+00,1.487135e+00,1.450448e+00,1.413648e+00,1.376739e+00,1.339724e+00,1.302608e+00,1.265390e+00,1.228073e+00,1.190665e+00,1.153163e+00,1.115571e+00,1.077894e+00,1.040134e+00,1.002295e+00,9.643808e-01,9.263872e-01,8.883312e-01,8.501944e-01,8.119993e-01,7.737406e-01,7.354199e-01,6.970431e-01,6.586239e-01,6.201404e-01,5.816150e-01,5.430471e-01,5.044343e-01,4.657780e-01,4.270812e-01,3.883694e-01,3.496151e-01,3.108348e-01,2.720421e-01,2.332111e-01,1.943689e-01,1.555048e-01,1.166541e-01,7.771280e-02,0.000000e+00,0.000000e+00
4.431294e+00,4.431296e+00,4.431294e+00,4.431294e+00,4.431294e+00,4.431294e+00,4.431294e+00,4.431294e+00,4.431294e+00,4.431294e+00,4.431294e+00,4.431294e+00,4.431294e+00,4.431294e+00,4.431294e+00,4.431294e+00,4.431294e+00,4.431294e+00,4.431294e+00,4.431294e+00,4.431294e+00,4.431294e+00,4.431294e+00,4.431294e+00,4.431294e+00,4.431294e+00,4.431294e+00,4.431294e+00,4.431294e+00,4.431294e+00,4.431294e+00,4.431294e+00,4.431294e+00,4.431294e+00,4.431294e+00,4.431294e+00,4.431294e+00,4.431294e+00,4.431294e+00,4.431294e+00,4.431294e+00,4.431294e+00,4.431294e+00,4.431294e+00,4.431294e+00,4.431293e+00,4.431294e+00,4.431294e+00,4.431294e+00,4.431293e+00,4.431294e+00,4.431294e+00,4.431294e+00,4.431293e+00,4.431294e+00,4.431293e+00,4.431293e+00,4.431294e+00,4.431293e+00,4.431294e+00,4.431293e+00,4.431293e+00,4.431293e+00,4.431294e+00,4.431293e+00,4.431294e+00,4.431293e+00,4.431293e+00,4.431294e+00,4.431294e+00,4.431294e+00,4.431293e+00,4.431293e+00,4.431293e+00,4.431293e+00,4.431294e+00,4.431294e+00,4.431294e+00,4.431293e+00,4.431294e+00,4.431293e+00,4.431293e+00,4.431293e+00,4.431294e+00,4.431294e+00,4.431294e+00,4.431294e+00,4.431294e+00,4.431294e+00,4.431293e+00,4.431293e+00,4.431294e+00,4.431294e+00,4.431294e+00,4.431294e+00,4.431294e+00,4.431294e+00,4.431293e+00,4.431293e+00,4.431293e+00,4.431293e+00,4.431293e+00,4.431294e+00,4.431294e+00,4.431294e+00,4.431294e+00,4.431294e+00,4.431294e+00,4.431294e+00,4.431294e+00,4.431294e+00,4.431294e+00,4.431294e+00,4.431294e+00,4.431294e+00,4.431293e+00,4.431294e+00,4.431293e+00,4.431294e+00,4.431293e+00,4.431294e+00,4.431294e+00,4.431294e+00,4.431293e+00,4.431293e+00,4.431293e+00,4.431294e+00,4.431294e+00,4.431294e+00,4.431294e+00,4.431293e+00,4.431294e+00,4.431294e+00,4.431294e+00,4.431293e+00,4.431294e+00,4.431294e+00,4.431294e+00,4.431294e+00,4.431294e+00,4.431294e+00,4.431294e+00,4.431294e+00,4.431294e+00,4.431294e+00,4.431293e+00,4.431293e+00,4.431294e+00,4.431293e+00,4.431293e+00,4.431294e+00,4.431294e+00,4.431294e+00,4.431294e+00,4.431293e+00,4.431294e+00,4.431293e+00,4.431294e+00,4.431294e+00,4.431294e+00,4.431294e+00,4.431294e+00,4.431293e+00,4.431294e+00,4.431293e+00,4.431293e+00,4.431293e+00,4.431293e+00,4.431294e+00,4.431293e+00,4.431294e+00,4.431294e+00,4.431293e+00,4.431294e+00,4.431293e+00,4.431294e+00,4.431295e+00,4.431296e+00,4.431296e+00,4.431294e+00
-4.527416e+01,-4.527416e+01,-4.527416e+01,-4.539952e+01,-4.540274e+01,-4.540935e+01,-4.540492e+01,-4.540522e+01,-4.540441e+01,-4.540285e+01,-4.540372e+01,-4.540425e+01,-4.540409e+01,-4.540431e+01,-4.540401e+01,-4.540400e+01,-4.540393e+01,-4.540387e+01,-4.540377e+01,-4.540392e+01,-4.540391e+01,-4.540385e+01,-4.540385e+01,-4.540409e+01,-4.540389e+01,-4.540378e+01,-4.540390e+01,-4.540399e+01,-4.540383e+01,-4.540390e+01,-4.540384e+01,-4.540392e+01,-4.540382e+01,-4.540392e+01,-4.540395e+01,-4.540394e+01,-4.540396e+01,-4.540384e+01,-4.540389e+01,-4.540393e+01,-4.540389e+01,-4.540390e+01,-4.540392e+01,-4.540390e+01,-4.540388e+01,-4.540395e+01,-4.540394e+01,-4.540393e+01,-4.540393e+01,-4.540396e+01,-4.540393e+01,-4.540390e+01,-4.540389e+01,-4.540391e+01,-4.540392e+01,-4.540397e+01,-4.540389e+01,-4.540392e+01,-4.540393e+01,-4.540392e+01,-4.540396e+01,-4.540395e+01,-4.540395e+01,-4.540393e+01,-4.540392e+01,-4.540392e+01,-4.540395e+01,-4.540395e+01,-4.540389e+01,-4.540396e+01,-4.540394e+01,-4.540397e+01,-4.540392e+01,-4.540393e+01,-4.540398e+01,-4.540392e+01,-4.540393e+01,-4.540394e+01,-4.540394e+01,-4.540389e+01,-4.540393e+01,-4.540398e+01,-4.540394e+01,-4.540393e+01,-4.540391e+01,-4.540392e+01,-4.540389e+01,-4.540394e+01,-4.540392e+01,-4.540396e+01,-4.540397e+01,-4.540394e+01,-4.540393e+01,-4.540389e+01,-4.540391e+01,-4.540388e+01,-4.540394e+01,-4.540394e+01,-4.540398e+01,-4.540394e+01,-4.540392e+01,-4.540393e+01,-4.540391e+01,-4.540393e+01,-4.540392e+01,-4.540393e+01,-4.540393e+01,-4.540394e+01,-4.540392e+01,-4.540393e+01,-4.540392e+01,-4.540392e+01,-4.540394e+01,-4.540393e+01,-4.540392e+01,-4.540393e+01,-4.540391e+01,-4.540396e+01,-4.540390e+01,-4.540393e+01,-4.540393e+01,-4.540388e+01,-4.540392e+01,-4.540392e+01,-4.540396e+01,-4.540395e+01,-4.540388e+01,-4.540385e+01,-4.540395e+01,-4.540392e+01,-4.540395e+01,-4.540388e+01,-4.540393e+01,-4.540385e+01,-4.540390e+01,-4.540390e+01,-4.540390e+01,-4.540390e+01,-4.540393e+01,-4.540387e+01,-4.540392e+01,-4.540392e+01,-4.540385e+01,-4.540393e+01,-4.540390e+01,-4.540392e+01,-4.540385e+01,-4.540387e+01,-4.540396e+01,-4.540379e+01,-4.540383e+01,-4.540384e+01,-4.540392e+01,-4.540385e+01,-4.540391e+01,-4.540399e+01,-4.540360e+01,-4.540393e+01,-4.540390e+01,-4.540395e+01,-4.540395e+01,-4.540405e+01,-4.540325e+01,-4.540393e+01,-4.540368e+01,-4.540348e+01,-4.540358e+01,-4.540345e+01,-4.540368e+01,-4.540398e+01,-4.540296e+01,-4.540434e+01,-4.540683e+01,-4.540523e+01,-4.540849e+01,-4.540333e+01,-4.537511e+01,-4.548502e+01,-4.548502e+01,-4.548502e+01
4.337212e-01,4.337212e-01,4.337212e-01,4.325235e-01,4.324930e-01,4.324300e-01,4.324721e-01,4.324693e-01,4.324770e-01,4.324919e-01,4.324836e-01,4.324785e-01,4.324800e-01,4.324779e-01,4.324808e-01,4.324809e-01,4.324816e-01,4.324821e-01,4.324831e-01,4.324817e-01,4.324818e-01,4.324824e-01,4.324824e-01,4.324800e-01,4.324820e-01,4.324830e-01,4.324819e-01,4.324810e-01,4.324825e-01,4.324819e-01,4.324825e-01,4.324817e-01,4.324827e-01,4.324817e-01,4.324814e-01,4.324815e-01,4.324813e-01,4.324825e-01,4.324819e-01,4.324816e-01,4.324819e-01,4.324819e-01,4.324817e-01,4.324819e-01,4.324820e-01,4.324813e-01,4.324815e-01,4.324816e-01,4.324816e-01,4.324812e-01,4.324816e-01,4.324819e-01,4.324820e-01,4.324817e-01,4.324817e-01,4.324812e-01,4.324819e-01,4.324817e-01,4.324815e-01,4.324817e-01,4.324813e-01,4.324813e-01,4.324814e-01,4.324816e-01,4.324817e-01,4.324817e-01,4.324813e-01,4.324814e-01,4.324819e-01,4.324813e-01,4.324815e-01,4.324811e-01,4.324816e-01,4.324815e-01,4.324810e-01,4.324817e-01,4.324816e-01,4.324815e-01,4.324814e-01,4.324820e-01,4.324815e-01,4.324811e-01,4.324814e-01,4.324815e-01,4.324818e-01,4.324817e-01,4.324820e-01,4.324815e-01,4.324817e-01,4.324812e-01,4.324812e-01,4.324815e-01,4.324816e-01,4.324820e-01,4.324818e-01,4.324820e-01,4.324815e-01,4.324815e-01,4.324810e-01,4.324815e-01,4.324816e-01,4.324816e-01,4.324818e-01,4.324816e-01,4.324817e-01,4.324816e-01,4.324816e-01,4.324815e-01,4.324817e-01,4.324816e-01,4.324817e-01,4.324817e-01,4.324815e-01,4.324816e-01,4.324817e-01,4.324815e-01,4.324818e-01,4.324812e-01,4.324818e-01,4.324815e-01,4.324816e-01,4.324821e-01,4.324817e-01,4.324816e-01,4.324812e-01,4.324813e-01,4.324821e-01,4.324823e-01,4.324814e-01,4.324817e-01,4.324813e-01,4.324820e-01,4.324816e-01,4.324824e-01,4.324819e-01,4.324819e-01,4.324819e-01,4.324819e-01,4.324816e-01,4.324822e-01,4.324817e-01,4.324817e-01,4.324824e-01,4.324815e-01,4.324818e-01,4.324815e-01,4.324823e-01,4.324821e-01,4.324813e-01,4.324829e-01,4.324825e-01,4.324826e-01,4.324817e-01,4.324823e-01,4.324817e-01,4.324810e-01,4.324846e-01,4.324816e-01,4.324819e-01,4.324814e-01,4.324815e-01,4.324805e-01,4.324880e-01,4.324816e-01,4.324839e-01,4.324858e-01,4.324848e-01,4.324861e-01,4.324840e-01,4.324810e-01,4.324908e-01,4.324777e-01,4.324538e-01,4.324692e-01,4.324381e-01,4.324874e-01,4.327565e-01,4.317109e-01,4.317109e-01,4.317109e-01
0.000000e+00,0.000000e+00,5.865835e-03,8.797641e-03,1.171457e-02,1.465005e-02,1.757858e-02,2.051644e-02,2.345467e-02,2.639791e-02,2.934215e-02,3.229078e-02,3.524432e-02,3.820205e-02,4.116424e-02,4.413180e-02,4.710664e-02,5.008656e-02,5.307375e-02,5.606699e-02,5.906807e-02,6.207686e-02,6.509476e-02,6.812035e-02,7.115475e-02,7.419881e-02,7.725345e-02,8.031767e-02,8.339352e-02,8.647932e-02,8.957877e-02,9.268931e-02,9.581334e-02,9.894961e-02,1.020985e-01,1.052625e-01,1.084415e-01,1.116361e-01,1.148454e-01,1.180711e-01,1.213125e-01,1.245724e-01,1.278491e-01,1.311447e-01,1.344588e-01,1.377909e-01,1.411448e-01,1.445192e-01,1.479140e-01,1.513308e-01,1.547705e-01,1.582323e-01,1.617193e-01,1.652294e-01,1.687634e-01,1.723246e-01,1.759135e-01,1.795265e-01,1.831681e-01,1.868388e-01,1.905388e-01,1.942685e-01,1.980308e-01,2.018226e-01,2.056486e-01,2.095070e-01,2.133976e-01,2.173264e-01,2.212932e-01,2.252905e-01,2.293300e-01,2.334058e-01,2.375251e-01,2.416823e-01,2.458807e-01,2.501247e-01,2.544114e-01,2.587439e-01,2.631226e-01,2.675493e-01,2.720208e-01,2.765414e-01,2.811215e-01,2.857465e-01,2.904298e-01,2.951619e-01,2.999554e-01,3.048009e-01,3.097150e-01,3.146776e-01,3.197071e-01,3.248101e-01,3.299739e-01,3.352015e-01,3.404921e-01,3.458682e-01,3.513037e-01,3.568061e-01,3.623802e-01,3.680599e-01,3.738134e-01,3.796398e-01,3.855543e-01,3.915065e-01,3.975825e-01,4.037471e-01,4.100023e-01,4.163502e-01,4.227928e-01,2.829906e+00,2.863572e+00,2.895546e+00,2.925875e+00,2.954605e+00,2.981762e+00,3.007445e+00,3.031651e+00,3.054480e+00,3.075914e+00,3.096054e+00,3.114911e+00,3.132529e+00,3.148981e+00,3.164267e+00,3.178454e+00,3.191570e+00,3.203657e+00,3.214751e+00,3.224894e+00,3.234106e+00,3.242431e+00,3.249893e+00,3.256530e+00,3.262365e+00,3.267431e+00,3.271753e+00,3.275360e+00,3.278276e+00,3.280526e+00,3.282136e+00,3.283131e+00,3.283532e+00,3.283363e+00,3.282650e+00,3.281413e+00,3.279676e+00,3.277463e+00,3.274796e+00,3.271700e+00,3.268199e+00,3.264319e+00,3.260084e+00,3.255521e+00,3.250659e+00,3.245526e+00,3.240150e+00,3.234565e+00,3.228801e+00,3.222893e+00,3.216876e+00,3.210787e+00,3.204662e+00,3.198541e+00,3.192464e+00,3.186472e+00,3.180607e+00,3.174910e+00,3.169423e+00,3.164187e+00,3.159245e+00,3.154635e+00,3.150395e+00,3.146560e+00,3.143165e+00,3.140238e+00,3.137806e+00,3.135891e+00,3.134510e+00,3.133677e+00,3.133398e+00
0.000000e+00,0.000000e+00,5.865835e-03,8.797641e-03,1.171457e-02,1.465005e-02,1.757858e-02,2.051644e-02,2.345467e-02,2.639791e-02,2.934215e-02,3.229078e-02,3.524432e-02,3.820205e-02,4.116424e-02,4.413180e-02,4.710664e-02,5.008656e-02,5.307375e-02,5.606699e-02,5.906807e-02,6.207686e-02,6.509476e-02,6.812035e-02,7.115475e-02,7.419881e-02,7.725345e-02,8.031767e-02,8.339352e-02,8.647932e-02,8.957877e-02,9.268931e-02,9.581334e-02,9.894961e-02,1.020985e-01,1.052625e-01,1.084415e-01,1.116361e-01,1.148454e-01,1.180711e-01,1.213125e-01,1.245724e-01,1.278491e-01,1.311447e-01,1.344588e-01,1.377909e-01,1.411448e-01,1.445192e-01,1.479140e-01,1.513308e-01,1.547705e-01,1.582323e-01,1.617193e-01,1.652294e-01,1.687634e-01,1.723246e-01,1.759135e-01,1.795265e-01,1.831681e-01,1.868388e-01,1.905388e-01,1.942685e-01,1.980308e-01,2.018226e-01,2.056486e-01,2.095070e-01,2.133976e-01,2.173264e-01,2.212932e-01,2.252905e-01,2.293300e-01,2.334058e-01,2.375251e-01,2.416823e-01,2.458807e-01,2.501247e-01,2.544114e-01,2.587439e-01,2.631226e-01,2.675493e-01,2.720208e-01,2.765414e-01,2.811215e-01,2.857465e-01,2.904298e-01,2.951619e-01,2.999554e-01,3.048009e-01,3.097150e-01,3.146776e-01,3.197071e-01,3.248101e-01,3.299739e-01,3.352015e-01,3.404921e-01,3.458682e-01,3.513037e-01,3.568061e-01,3.623802e-01,3.680599e-01,3.738134e-01,3.796398e-01,3.855543e-01,3.915065e-01,3.975825e-01,4.037471e-01,4.100023e-01,4.163502e-01,4.227928e-01,2.829906e+00,2.863572e+00,2.895546e+00,2.925875e+00,2.954605e+00,2.981762e+00,3.007445e+00,3.031651e+00,3.054480e+00,3.075914e+00,3.096054e+00,3.114911e+00,3.132529e+00,3.148981e+00,3.164267e+00,3.178454e+00,3.191570e+00,3.203657e+00,3.214751e+00,3.224894e+00,3.234106e+00,3.242431e+00,3.249893e+00,3.256530e+00,3.262365e+00,3.267431e+00,3.271753e+00,3.275360e+00,3.278276e+00,3.280526e+00,3.282136e+00,3.283131e+00,3.283532e+00,3.283363e+00,3.282650e+00,3.281413e+00,3.279676e+00,3.277463e+00,3.274796e+00,3.271700e+00,3.268199e+00,3.264319e+00,3.260084e+00,3.255521e+00,3.250659e+00,3.245526e+00,3.240150e+00,3.234565e+00,3.228801e+00,3.222893e+00,3.216876e+00,3.210787e+00,3.204662e+00,3.198541e+00,3.192464e+00,3.186472e+00,3.180607e+00,3.174910e+00,3.169423e+00,3.164187e+00,3.159245e+00,3.154635e+00,3.150395e+00,3.146560e+00,3.143165e+00,3.140238e+00,3.137806e+00,3.135891e+00,3.134510e+00,3.133677e+00,3.133398e+00
4.431294e+00,4.431141e+00,4.431221e+00,4.431130e+00,4.431003e+00,4.430839e+00,4.430639e+00,4.430401e+00,4.430128e+00,4.429816e+00,4.429469e+00,4.429083e+00,4.428660e+00,4.428200e+00,4.427701e+00,4.427164e+00,4.426588e+00,4.425974e+00,4.425320e+00,4.424626e+00,4.423893e+00,4.423119e+00,4.422305e+00,4.421448e+00,4.420551e+00,4.419610e+00,4.418628e+00,4.417601e+00,4.416531e+00,4.415415e+00,4.414255e+00,4.413048e+00,4.411795e+00,4.410495e+00,4.409147e+00,4.407749e+00,4.406301e+00,4.404802e+00,4.403252e+00,4.401650e+00,4.399994e+00,4.398283e+00,4.396516e+00,4.394693e+00,4.392812e+00,4.390871e+00,4.388870e+00,4.386807e+00,4.384681e+00,4.382490e+00,4.380234e+00,4.377910e+00,4.375516e+00,4.373052e+00,4.370516e+00,4.367906e+00,4.365218e+00,4.362454e+00,4.359610e+00,4.356683e+00,4.353672e+00,4.350575e+00,4.347388e+00,4.344112e+00,4.340740e+00,4.337273e+00,4.333709e+00,4.330040e+00,4.326266e+00,4.322388e+00,4.318396e+00,4.314292e+00,4.310069e+00,4.305725e+00,4.301257e+00,4.296659e+00,4.291929e+00,4.287062e+00,4.282053e+00,4.276899e+00,4.271597e+00,4.266140e+00,4.260516e+00,4.254732e+00,4.248773e+00,4.242642e+00,4.236323e+00,4.229821e+00,4.223113e+00,4.216214e+00,4.209101e+00,4.201758e+00,4.194197e+00,4.186403e+00,4.178374e+00,4.170076e+00,4.161532e+00,4.152728e+00,4.143650e+00,4.134240e+00,4.124535e+00,4.114529e+00,4.104187e+00,4.093582e+00,4.082568e+00,4.071189e+00,4.059430e+00,4.047276e+00,4.034712e+00,-7.794360e-01,-8.475694e-01,-9.135031e-01,-9.772354e-01,-1.038768e+00,-1.098048e+00,-1.155210e+00,-1.210137e+00,-1.262981e+00,-1.313576e+00,-1.362085e+00,-1.408428e+00,-1.452614e+00,-1.494747e+00,-1.534708e+00,-1.572589e+00,-1.608367e+00,-1.642051e+00,-1.673657e+00,-1.703210e+00,-1.730649e+00,-1.756025e+00,-1.779293e+00,-1.800493e+00,-1.819572e+00,-1.836548e+00,-1.851393e+00,-1.864096e+00,-1.874632e+00,-1.882977e+00,-1.889102e+00,-1.892992e+00,-1.894603e+00,-1.893897e+00,-1.890850e+00,-1.885411e+00,-1.877544e+00,-1.867198e+00,-1.854325e+00,-1.838890e+00,-1.820827e+00,-1.800093e+00,-1.776640e+00,-1.750414e+00,-1.721372e+00,-1.689463e+00,-1.654641e+00,-1.616873e+00,-1.576116e+00,-1.532347e+00,-1.485545e+00,-1.435695e+00,-1.382796e+00,-1.326863e+00,-1.267909e+00,-1.205981e+00,-1.141127e+00,-1.073417e+00,-1.002943e+00,-9.298090e-01,-8.541456e-01,-7.760987e-01,-6.958357e-01,-6.135457e-01,-5.294316e-01,-4.437175e-01,-3.566456e-01,-2.684682e-01,-1.794496e-01,-8.986740e-02,6.415734e-07
4.431294e+00,4.431141e+00,4.430684e+00,4.429922e+00,4.428855e+00,4.427483e+00,4.425807e+00,4.423826e+00,4.421542e+00,4.418953e+00,4.416061e+00,4.412866e+00,4.409367e+00,4.405566e+00,4.401462e+00,4.397057e+00,4.392350e+00,4.387342e+00,4.382034e+00,4.376426e+00,4.370519e+00,4.364313e+00,4.357809e+00,4.351008e+00,4.343910e+00,4.336515e+00,4.328826e+00,4.320842e+00,4.312566e+00,4.303996e+00,4.295134e+00,4.285982e+00,4.276540e+00,4.266808e+00,4.256789e+00,4.246483e+00,4.235892e+00,4.225015e+00,4.213856e+00,4.202414e+00,4.190691e+00,4.178688e+00,4.166407e+00,4.153849e+00,4.141015e+00,4.127906e+00,4.114525e+00,4.100873e+00,4.086950e+00,4.072759e+00,4.058301e+00,4.043578e+00,4.028591e+00,4.013343e+00,3.997834e+00,3.982067e+00,3.966044e+00,3.949765e+00,3.933233e+00,3.916451e+00,3.899421e+00,3.882142e+00,3.864620e+00,3.846854e+00,3.828847e+00,3.810602e+00,3.792120e+00,3.773405e+00,3.754459e+00,3.735281e+00,3.715879e+00,3.696250e+00,3.676401e+00,3.656331e+00,3.636044e+00,3.615544e+00,3.594832e+00,3.573911e+00,3.552784e+00,3.531455e+00,3.509924e+00,3.488196e+00,3.466277e+00,3.444163e+00,3.421864e+00,3.399378e+00,3.376713e+00,3.353868e+00,3.330851e+00,3.307660e+00,3.284303e+00,3.260784e+00,3.237105e+00,3.213269e+00,3.189279e+00,3.165145e+00,3.140864e+00,3.116442e+00,3.091885e+00,3.067200e+00,3.042388e+00,3.017453e+00,2.992401e+00,2.967231e+00,2.941958e+00,2.916582e+00,2.891110e+00,2.865546e+00,2.839896e+00,2.821226e+00,2.847315e+00,2.873901e+00,2.900953e+00,2.928443e+00,2.956344e+00,2.984620e+00,3.013252e+00,3.042200e+00,3.071451e+00,3.100966e+00,3.130726e+00,3.160703e+00,3.190865e+00,3.221197e+00,3.251667e+00,3.282251e+00,3.312927e+00,3.343668e+00,3.374446e+00,3.405246e+00,3.436037e+00,3.466802e+00,3.497510e+00,3.528144e+00,3.558677e+00,3.589088e+00,3.619352e+00,3.649448e+00,3.679351e+00,3.709041e+00,3.738489e+00,3.767676e+00,3.796578e+00,3.825169e+00,3.853427e+00,3.881327e+00,3.908844e+00,3.935955e+00,3.962632e+00,3.988852e+00,4.014590e+00,4.039817e+00,4.064509e+00,4.088638e+00,4.112177e+00,4.135101e+00,4.157379e+00,4.178987e+00,4.199894e+00,4.220074e+00,4.239499e+00,4.258139e+00,4.275968e+00,4.292958e+00,4.309082e+00,4.324313e+00,4.338625e+00,4.351992e+00,4.364390e+00,4.375797e+00,4.386189e+00,4.395546e+00,4.403850e+00,4.411083e+00,4.417230e+00,4.422278e+00,4.426216e+00,4.429035e+00,4.430729e+00,4.431293e+00
8.294615e+00,8.294615e+00,8.294615e+00,8.303073e+00,8.346171e+00,8.339771e+00,8.349374e+00,8.351334e+00,8.354002e+00,8.357409e+00,8.363792e+00,8.368647e+00,8.375818e+00,8.382326e+00,8.390089e+00,8.397591e+00,8.406508e+00,8.415634e+00,8.425720e+00,8.435844e+00,8.446775e+00,8.458773e+00,8.470980e+00,8.483775e+00,8.497445e+00,8.512137e+00,8.527432e+00,8.543280e+00,8.559840e+00,8.577371e+00,8.595534e+00,8.614443e+00,8.634048e+00,8.654873e+00,8.676481e+00,8.698944e+00,8.722357e+00,8.746858e+00,8.772193e+00,8.798835e+00,8.826246e+00,8.855074e+00,8.884925e+00,8.915945e+00,8.948111e+00,8.981618e+00,9.016729e+00,9.052980e+00,9.090813e+00,9.130129e+00,9.171158e+00,9.213724e+00,9.258242e+00,9.304585e+00,9.352642e+00,9.402887e+00,9.455397e+00,9.510040e+00,9.566906e+00,9.626524e+00,9.688515e+00,9.753495e+00,9.821444e+00,9.892463e+00,9.966958e+00,1.004486e+01,1.012658e+01,1.021230e+01,1.030265e+01,1.039699e+01,1.049675e+01,1.060157e+01,1.071255e+01,1.082930e+01,1.095262e+01,1.108374e+01,1.122249e+01,1.136991e+01,1.152668e+01,1.169409e+01,1.187200e+01,1.206231e+01,1.226797e+01,1.248771e+01,1.272555e+01,1.298136e+01,1.326015e+01,1.356215e+01,1.389443e+01,1.425618e+01,1.465617e+01,1.510247e+01,1.559848e+01,1.615431e+01,1.678045e+01,1.750023e+01,1.832393e+01,1.927891e+01,2.040247e+01,2.176931e+01,2.343424e+01,2.550841e+01,2.818777e+01,3.169250e+01,3.669115e+01,4.425586e+01,5.707300e+01,8.359646e+01,1.714604e+02,5.387514e+03,5.967824e+02,2.927326e+02,1.842977e+02,1.294507e+02,9.681290e+01,7.536649e+01,6.040050e+01,4.943385e+01,4.115707e+01,3.471341e+01,2.960001e+01,2.546742e+01,2.206603e+01,1.923857e+01,1.685285e+01,1.481936e+01,1.306755e+01,1.154293e+01,1.020239e+01,9.014749e+00,7.951134e+00,6.990813e+00,6.114253e+00,5.307560e+00,4.557166e+00,3.852479e+00,3.183860e+00,2.543039e+00,1.922700e+00,1.316023e+00,7.166924e-01,1.191152e-01,-4.821366e-01,-1.092452e+00,-1.716770e+00,-2.360181e+00,-3.027545e+00,-3.723828e+00,-4.454061e+00,-5.223134e+00,-6.036150e+00,-6.898136e+00,-7.814096e+00,-8.789041e+00,-9.827715e+00,-1.093469e+01,-1.211416e+01,-1.336973e+01,-1.470437e+01,-1.611994e+01,-1.761716e+01,-1.919517e+01,-2.085122e+01,-2.258038e+01,-2.437511e+01,-2.622497e+01,-2.811644e+01,-3.003253e+01,-3.195287e+01,-3.385389e+01,-3.570865e+01,-3.748801e+01,-3.916071e+01,-4.069477e+01,-4.205862e+01,-4.322209e+01,-4.415818e+01,-4.484432e+01,-4.484432e+01,-4.484432e+01
2.366421e+00,2.366421e+00,2.366421e+00,2.362834e+00,2.348995e+00,2.348691e+00,2.343421e+00,2.339839e+00,2.335599e+00,2.330695e+00,2.324509e+00,2.318302e+00,2.311009e+00,2.303462e+00,2.295137e+00,2.286456e+00,2.276968e+00,2.267009e+00,2.256385e+00,2.245349e+00,2.233706e+00,2.221397e+00,2.208657e+00,2.195395e+00,2.181550e+00,2.167094e+00,2.152148e+00,2.136735e+00,2.120828e+00,2.104375e+00,2.087474e+00,2.070111e+00,2.052310e+00,2.033962e+00,2.015188e+00,1.995985e+00,1.976349e+00,1.956265e+00,1.935807e+00,1.914889e+00,1.893647e+00,1.871960e+00,1.849932e+00,1.827553e+00,1.804846e+00,1.781792e+00,1.758364e+00,1.734674e+00,1.710660e+00,1.686362e+00,1.661766e+00,1.636925e+00,1.611794e+00,1.586420e+00,1.560848e+00,1.535028e+00,1.508977e+00,1.482744e+00,1.456347e+00,1.429735e+00,1.402998e+00,1.376078e+00,1.349016e+00,1.321832e+00,1.294509e+00,1.267095e+00,1.239577e+00,1.211974e+00,1.184259e+00,1.156544e+00,1.128719e+00,1.100872e+00,1.072943e+00,1.045023e+00,1.017090e+00,9.890926e-01,9.611104e-01,9.331215e-01,9.051414e-01,8.771478e-01,8.492290e-01,8.213342e-01,7.933629e-01,7.655019e-01,7.376130e-01,7.098229e-01,6.819908e-01,6.542500e-01,6.264244e-01,5.987299e-01,5.709899e-01,5.431343e-01,5.153091e-01,4.874670e-01,4.596230e-01,4.315447e-01,4.034618e-01,3.753000e-01,3.469826e-01,3.181051e-01,2.889877e-01,2.595684e-01,2.296001e-01,1.995526e-01,1.683970e-01,1.363644e-01,1.032553e-01,6.882139e-02,3.275016e-02,1.022243e-03,9.348852e-03,1.932648e-02,3.115626e-02,4.505773e-02,6.124880e-02,8.004241e-02,1.016779e-01,1.265537e-01,1.549343e-01,1.873319e-01,2.241546e-01,2.659382e-01,3.134260e-01,3.672351e-01,4.283914e-01,4.979763e-01,5.774054e-01,6.684875e-01,7.736133e-01,8.957060e-01,1.039065e+00,1.209345e+00,1.415071e+00,1.668414e+00,1.988849e+00,2.408062e+00,2.982431e+00,3.821953e+00,5.174055e+00,7.736909e+00,1.453991e+01,8.952854e+01,2.263377e+01,1.022069e+01,6.653928e+00,4.951057e+00,3.947713e+00,3.282265e+00,2.805826e+00,2.446024e+00,2.163322e+00,1.934394e+00,1.744588e+00,1.584221e+00,1.446678e+00,1.327264e+00,1.222561e+00,1.130034e+00,1.047742e+00,9.741966e-01,9.082194e-01,8.488709e-01,7.953922e-01,7.471605e-01,7.036591e-01,6.644571e-01,6.291882e-01,5.975420e-01,5.692527e-01,5.440888e-01,5.218558e-01,5.023809e-01,4.855196e-01,4.711467e-01,4.591562e-01,4.494621e-01,4.419940e-01,4.366964e-01,4.366964e-01,4.366964e-01
