0.000000e+00,0.000000e+00,4.831712e-02,6.640399e-02,8.639605e-02,1.079040e-01,1.291769e-01,1.503495e-01,1.719867e-01,1.933979e-01,2.147980e-01,2.362138e-01,2.576502e-01,2.790015e-01,3.003543e-01,3.216926e-01,3.430102e-01,3.642865e-01,3.855509e-01,4.067599e-01,4.279647e-01,4.491124e-01,4.702401e-01,4.913367e-01,5.123907e-01,5.333975e-01,5.543768e-01,5.753042e-01,5.961884e-01,6.170262e-01,6.378151e-01,6.585632e-01,6.792521e-01,6.998902e-01,7.204779e-01,7.410081e-01,7.614786e-01,7.818941e-01,8.022483e-01,8.225402e-01,8.427693e-01,8.629325e-01,8.830284e-01,9.030599e-01,9.230202e-01,9.429096e-01,9.627253e-01,9.824674e-01,1.002134e+00,1.021725e+00,1.041235e+00,1.060665e+00,1.080014e+00,1.099279e+00,1.118460e+00,1.137556e+00,1.156563e+00,1.175481e+00,1.194308e+00,1.213044e+00,1.231686e+00,1.250234e+00,1.268685e+00,1.287038e+00,1.305292e+00,1.323446e+00,1.341499e+00,1.359447e+00,1.377290e+00,1.395029e+00,1.412659e+00,1.430181e+00,1.447592e+00,1.464892e+00,1.482080e+00,1.499153e+00,1.516110e+00,1.532952e+00,1.549674e+00,1.566277e+00,1.582761e+00,1.599121e+00,1.615359e+00,1.631473e+00,1.647461e+00,1.663323e+00,1.679054e+00,1.694658e+00,1.710131e+00,1.725473e+00,1.740681e+00,1.755756e+00,1.770694e+00,1.785497e+00,1.800163e+00,1.814691e+00,1.829078e+00,1.843324e+00,1.857427e+00,1.871389e+00,1.885206e+00,1.898878e+00,1.912404e+00,1.925782e+00,1.939012e+00,1.952093e+00,1.965024e+00,1.977803e+00,1.990430e+00,2.002903e+00,2.015223e+00,2.027387e+00,2.039395e+00,2.051246e+00,2.062939e+00,2.074474e+00,2.085848e+00,2.097061e+00,2.108114e+00,2.119004e+00,2.129731e+00,2.140293e+00,2.150691e+00,2.160924e+00,2.170990e+00,2.180888e+00,2.190619e+00,2.200181e+00,2.209574e+00,2.218796e+00,2.227849e+00,2.236728e+00,2.245437e+00,2.253972e+00,2.262333e+00,2.270520e+00,2.278533e+00,2.286370e+00,2.294030e+00,2.301515e+00,2.308821e+00,2.315950e+00,2.322901e+00,2.329673e+00,2.336265e+00,2.342678e+00,2.348911e+00,2.354961e+00,2.360830e+00,2.366520e+00,2.372026e+00,2.377350e+00,2.382489e+00,2.387445e+00,2.392220e+00,2.396807e+00,2.401211e+00,2.405429e+00,2.409466e+00,2.413310e+00,2.416972e+00,2.420450e+00,2.423742e+00,2.426843e+00,2.429761e+00,2.432487e+00,2.435032e+00,2.437382e+00,2.439556e+00,2.441521e+00,2.443318e+00,2.444923e+00,2.446351e+00,2.447557e+00,2.448580e+00,2.449424e+00,2.450146e+00,2.450715e+00,2.450964e+00,2.450964e+00
0.000000e+00,0.000000e+00,0.000000e+00,0.000000e+00,0.000000e+00,0.000000e+00,0.000000e+00,0.000000e+00,0.000000e+00,0.000000e+00,0.000000e+00,0.000000e+00,0.000000e+00,0.000000e+00,0.000000e+00,0.000000e+00,0.000000e+00,0.000000e+00,0.000000e+00,0.000000e+00,0.000000e+00,0.000000e+00,0.000000e+00,0.000000e+00,0.000000e+00,0.000000e+00,0.000000e+00,0.000000e+00,0.000000e+00,0.000000e+00,0.000000e+00,0.000000e+00,0.000000e+00,0.000000e+00,0.000000e+00,0.000000e+00,0.000000e+00,0.000000e+00,0.000000e+00,0.000000e+00,0.000000e+00,0.000000e+00,0.000000e+00,0.000000e+00,0.000000e+00,0.000000e+00,0.000000e+00,0.000000e+00,0.000000e+00,0.000000e+00,0.000000e+00,0.000000e+00,0.000000e+00,0.000000e+00,0.000000e+00,0.000000e+00,0.000000e+00,0.000000e+00,0.000000e+00,0.000000e+00,0.000000e+00,0.000000e+00,0.000000e+00,0.000000e+00,0.000000e+00,0.000000e+00,0.000000e+00,0.000000e+00,0.000000e+00,0.000000e+00,0.000000e+00,0.000000e+00,0.000000e+00,0.000000e+00,0.000000e+00,0.000000e+00,0.000000e+00,0.000000e+00,0.000000e+00,0.000000e+00,0.000000e+00,0.000000e+00,0.000000e+00,0.000000e+00,0.000000e+00,0.000000e+00,0.000000e+00,0.000000e+00,0.000000e+00,0.000000e+00,0.000000e+00,0.000000e+00,0.000000e+00,0.000000e+00,0.000000e+00,0.000000e+00,0.000000e+00,0.000000e+00,0.000000e+00,0.000000e+00,0.000000e+00,0.000000e+00,0.000000e+00,0.000000e+00,0.000000e+00,0.000000e+00,0.000000e+00,0.000000e+00,0.000000e+00,0.000000e+00,0.000000e+00,0.000000e+00,0.000000e+00,0.000000e+00,0.000000e+00,0.000000e+00,0.000000e+00,0.000000e+00,0.000000e+00,0.000000e+00,0.000000e+00,0.000000e+00,0.000000e+00,0.000000e+00,0.000000e+00,0.000000e+00,0.000000e+00,0.000000e+00,0.000000e+00,0.000000e+00,0.000000e+00,0.000000e+00,0.000000e+00,0.000000e+00,0.000000e+00,0.000000e+00,0.000000e+00,0.000000e+00,0.000000e+00,0.000000e+00,0.000000e+00,0.000000e+00,0.000000e+00,0.000000e+00,0.000000e+00,0.000000e+00,0.000000e+00,0.000000e+00,0.000000e+00,0.000000e+00,0.000000e+00,0.000000e+00,0.000000e+00,0.000000e+00,0.000000e+00,0.000000e+00,0.000000e+00,0.000000e+00,0.000000e+00,0.000000e+00,0.000000e+00,0.000000e+00,0.000000e+00,0.000000e+00,0.000000e+00,0.000000e+00,0.000000e+00,0.000000e+00,0.000000e+00,0.000000e+00,0.000000e+00,0.000000e+00,0.000000e+00,0.000000e+00,0.000000e+00,0.000000e+00,0.000000e+00,0.000000e+00,0.000000e+00,0.000000e+00
2.450964e+00,2.450807e+00,2.450480e+00,2.450040e+00,2.449424e+00,2.448579e+00,2.447557e+00,2.446352e+00,2.444923e+00,2.443318e+00,2.441533e+00,2.439554e+00,2.437382e+00,2.435031e+00,2.432491e+00,2.429761e+00,2.426843e+00,2.423742e+00,2.420448e+00,2.416976e+00,2.413311e+00,2.409466e+00,2.405433e+00,2.401211e+00,2.396807e+00,2.392220e+00,2.387445e+00,2.382488e+00,2.377348e+00,2.372026e+00,2.366520e+00,2.360830e+00,2.354962e+00,2.348911e+00,2.342678e+00,2.336265e+00,2.329673e+00,2.322901e+00,2.315950e+00,2.308821e+00,2.301514e+00,2.294030e+00,2.286371e+00,2.278533e+00,2.270520e+00,2.262332e+00,2.253972e+00,2.245437e+00,2.236729e+00,2.227848e+00,2.218796e+00,2.209574e+00,2.200181e+00,2.190620e+00,2.180888e+00,2.170990e+00,2.160923e+00,2.150691e+00,2.140293e+00,2.129731e+00,2.119004e+00,2.108113e+00,2.097061e+00,2.085847e+00,2.074474e+00,2.062940e+00,2.051246e+00,2.039395e+00,2.027387e+00,2.015223e+00,2.002904e+00,1.990429e+00,1.977803e+00,1.965024e+00,1.952093e+00,1.939012e+00,1.925782e+00,1.912404e+00,1.898878e+00,1.885206e+00,1.871389e+00,1.857428e+00,1.843323e+00,1.829077e+00,1.814690e+00,1.800163e+00,1.785498e+00,1.770695e+00,1.755756e+00,1.740681e+00,1.725473e+00,1.710131e+00,1.694658e+00,1.679055e+00,1.663322e+00,1.647461e+00,1.631473e+00,1.615359e+00,1.599122e+00,1.582760e+00,1.566277e+00,1.549674e+00,1.532951e+00,1.516110e+00,1.499152e+00,1.482079e+00,1.464892e+00,1.447592e+00,1.430181e+00,1.412659e+00,1.395028e+00,1.377291e+00,1.359447e+00,1.341498e+00,1.323446e+00,1.305292e+00,1.287038e+00,1.268685e+00,1.250233e+00,1.231686e+00,1.213043e+00,1.194308e+00,1.175481e+00,1.156562e+00,1.137554e+00,1.118461e+00,1.099279e+00,1.080014e+00,1.060665e+00,1.041235e+00,1.021723e+00,1.002134e+00,9.824672e-01,9.627251e-01,9.429093e-01,9.230202e-01,9.030600e-01,8.830290e-01,8.629333e-01,8.427691e-01,8.225401e-01,8.022486e-01,7.818940e-01,7.614785e-01,7.410062e-01,7.204777e-01,6.998888e-01,6.792529e-01,6.585626e-01,6.378167e-01,6.170261e-01,5.961843e-01,5.753012e-01,5.543767e-01,5.333963e-01,5.123916e-01,4.913397e-01,4.702506e-01,4.491124e-01,4.279664e-01,4.067741e-01,3.855488e-01,3.642879e-01,3.430113e-01,3.216926e-01,3.003819e-01,2.790030e-01,2.576524e-01,2.362136e-01,2.149071e-01,1.933941e-01,1.719866e-01,1.502502e-01,1.291814e-01,1.078975e-01,8.639610e-02,6.373546e-02,3.980225e-02,0.000000e+00,0.000000e+00
2.450964e+00,2.450807e+00,2.450950e+00,2.450939e+00,2.450948e+00,2.450956e+00,2.450964e+00,2.450968e+00,2.450964e+00,2.450960e+00,2.450964e+00,2.450963e+00,2.450962e+00,2.450962e+00,2.450964e+00,2.450964e+00,2.450964e+00,2.450966e+00,2.450963e+00,2.450965e+00,2.450964e+00,2.450965e+00,2.450966e+00,2.450964e+00,2.450964e+00,2.450965e+00,2.450964e+00,2.450964e+00,2.450964e+00,2.450965e+00,2.450964e+00,2.450964e+00,2.450965e+00,2.450965e+00,2.450964e+00,2.450964e+00,2.450965e+00,2.450965e+00,2.450964e+00,2.450964e+00,2.450964e+00,2.450964e+00,2.450965e+00,2.450965e+00,2.450964e+00,2.450964e+00,2.450965e+00,2.450965e+00,2.450965e+00,2.450964e+00,2.450964e+00,2.450964e+00,2.450964e+00,2.450965e+00,2.450964e+00,2.450965e+00,2.450964e+00,2.450965e+00,2.450964e+00,2.450965e+00,2.450965e+00,2.450964e+00,2.450964e+00,2.450964e+00,2.450965e+00,2.450965e+00,2.450964e+00,2.450965e+00,2.450964e+00,2.450965e+00,2.450965e+00,2.450964e+00,2.450964e+00,2.450965e+00,2.450965e+00,2.450964e+00,2.450964e+00,2.450965e+00,2.450965e+00,2.450964e+00,2.450965e+00,2.450964e+00,2.450964e+00,2.450964e+00,2.450964e+00,2.450965e+00,2.450964e+00,2.450965e+00,2.450964e+00,2.450965e+00,2.450964e+00,2.450964e+00,2.450964e+00,2.450964e+00,2.450965e+00,2.450965e+00,2.450965e+00,2.450965e+00,2.450964e+00,2.450965e+00,2.450965e+00,2.450965e+00,2.450964e+00,2.450964e+00,2.450964e+00,2.450964e+00,2.450964e+00,2.450964e+00,2.450964e+00,2.450964e+00,2.450964e+00,2.450964e+00,2.450964e+00,2.450964e+00,2.450965e+00,2.450965e+00,2.450965e+00,2.450964e+00,2.450964e+00,2.450965e+00,2.450965e+00,2.450964e+00,2.450965e+00,2.450965e+00,2.450965e+00,2.450964e+00,2.450965e+00,2.450965e+00,2.450964e+00,2.450964e+00,2.450965e+00,2.450964e+00,2.450965e+00,2.450965e+00,2.450964e+00,2.450964e+00,2.450965e+00,2.450965e+00,2.450965e+00,2.450965e+00,2.450964e+00,2.450964e+00,2.450965e+00,2.450965e+00,2.450964e+00,2.450965e+00,2.450965e+00,2.450965e+00,2.450964e+00,2.450964e+00,2.450965e+00,2.450965e+00,2.450964e+00,2.450964e+00,2.450965e+00,2.450964e+00,2.450965e+00,2.450964e+00,2.450965e+00,2.450964e+00,2.450963e+00,2.450964e+00,2.450965e+00,2.450964e+00,2.450964e+00,2.450964e+00,2.450964e+00,2.450962e+00,2.450965e+00,2.450961e+00,2.450960e+00,2.450964e+00,2.450961e+00,2.450964e+00,2.450956e+00,2.450948e+00,2.450975e+00,2.451036e+00,2.450807e+00,2.450964e+00
1.277843e+01,1.277843e+01,1.277843e+01,1.706624e+01,1.848197e+01,1.852927e+01,1.866668e+01,1.880099e+01,1.873096e+01,1.874841e+01,1.875744e+01,1.875743e+01,1.874779e+01,1.875525e+01,1.875575e+01,1.875503e+01,1.875324e+01,1.875406e+01,1.875266e+01,1.875535e+01,1.875369e+01,1.875577e+01,1.875537e+01,1.875476e+01,1.875452e+01,1.875521e+01,1.875426e+01,1.875454e+01,1.875460e+01,1.875467e+01,1.875506e+01,1.875448e+01,1.875462e+01,1.875479e+01,1.875461e+01,1.875461e+01,1.875480e+01,1.875463e+01,1.875459e+01,1.875468e+01,1.875464e+01,1.875470e+01,1.875483e+01,1.875467e+01,1.875464e+01,1.875471e+01,1.875473e+01,1.875466e+01,1.875465e+01,1.875462e+01,1.875467e+01,1.875462e+01,1.875464e+01,1.875465e+01,1.875464e+01,1.875464e+01,1.875462e+01,1.875465e+01,1.875466e+01,1.875467e+01,1.875471e+01,1.875467e+01,1.875465e+01,1.875465e+01,1.875468e+01,1.875467e+01,1.875466e+01,1.875466e+01,1.875465e+01,1.875465e+01,1.875467e+01,1.875463e+01,1.875463e+01,1.875465e+01,1.875466e+01,1.875465e+01,1.875463e+01,1.875467e+01,1.875465e+01,1.875464e+01,1.875464e+01,1.875464e+01,1.875464e+01,1.875466e+01,1.875465e+01,1.875464e+01,1.875467e+01,1.875467e+01,1.875465e+01,1.875466e+01,1.875464e+01,1.875464e+01,1.875463e+01,1.875468e+01,1.875466e+01,1.875464e+01,1.875463e+01,1.875462e+01,1.875460e+01,1.875465e+01,1.875464e+01,1.875464e+01,1.875464e+01,1.875464e+01,1.875465e+01,1.875464e+01,1.875464e+01,1.875464e+01,1.875465e+01,1.875464e+01,1.875465e+01,1.875465e+01,1.875464e+01,1.875465e+01,1.875467e+01,1.875469e+01,1.875470e+01,1.875464e+01,1.875464e+01,1.875469e+01,1.875468e+01,1.875465e+01,1.875467e+01,1.875468e+01,1.875467e+01,1.875462e+01,1.875465e+01,1.875465e+01,1.875462e+01,1.875467e+01,1.875472e+01,1.875462e+01,1.875468e+01,1.875472e+01,1.875464e+01,1.875467e+01,1.875467e+01,1.875480e+01,1.875463e+01,1.875465e+01,1.875469e+01,1.875458e+01,1.875461e+01,1.875475e+01,1.875471e+01,1.875459e+01,1.875491e+01,1.875458e+01,1.875455e+01,1.875483e+01,1.875466e+01,1.875496e+01,1.875487e+01,1.875432e+01,1.875534e+01,1.875430e+01,1.875424e+01,1.875410e+01,1.875548e+01,1.875352e+01,1.875309e+01,1.875294e+01,1.875395e+01,1.875324e+01,1.875503e+01,1.874974e+01,1.875481e+01,1.874754e+01,1.875656e+01,1.872651e+01,1.874911e+01,1.873131e+01,1.884302e+01,1.866421e+01,1.853365e+01,1.848354e+01,1.950393e+01,2.389611e+01,2.389611e+01,2.389611e+01
4.701003e-01,4.701003e-01,4.701003e-01,3.519871e-01,3.250273e-01,3.241997e-01,3.218154e-01,3.195173e-01,3.207111e-01,3.204114e-01,3.202581e-01,3.202580e-01,3.204225e-01,3.202951e-01,3.202870e-01,3.202993e-01,3.203299e-01,3.203163e-01,3.203397e-01,3.202942e-01,3.203222e-01,3.202870e-01,3.202940e-01,3.203041e-01,3.203083e-01,3.202966e-01,3.203126e-01,3.203078e-01,3.203066e-01,3.203058e-01,3.202989e-01,3.203088e-01,3.203065e-01,3.203038e-01,3.203067e-01,3.203067e-01,3.203035e-01,3.203065e-01,3.203070e-01,3.203055e-01,3.203062e-01,3.203051e-01,3.203031e-01,3.203057e-01,3.203061e-01,3.203050e-01,3.203048e-01,3.203059e-01,3.203060e-01,3.203065e-01,3.203056e-01,3.203064e-01,3.203061e-01,3.203061e-01,3.203062e-01,3.203063e-01,3.203065e-01,3.203061e-01,3.203058e-01,3.203058e-01,3.203051e-01,3.203057e-01,3.203059e-01,3.203059e-01,3.203055e-01,3.203058e-01,3.203058e-01,3.203060e-01,3.203059e-01,3.203061e-01,3.203057e-01,3.203063e-01,3.203064e-01,3.203061e-01,3.203058e-01,3.203060e-01,3.203064e-01,3.203058e-01,3.203060e-01,3.203061e-01,3.203063e-01,3.203061e-01,3.203062e-01,3.203059e-01,3.203061e-01,3.203064e-01,3.203057e-01,3.203058e-01,3.203060e-01,3.203060e-01,3.203062e-01,3.203061e-01,3.203062e-01,3.203054e-01,3.203059e-01,3.203063e-01,3.203064e-01,3.203066e-01,3.203068e-01,3.203061e-01,3.203062e-01,3.203061e-01,3.203062e-01,3.203061e-01,3.203060e-01,3.203061e-01,3.203061e-01,3.203061e-01,3.203061e-01,3.203061e-01,3.203061e-01,3.203060e-01,3.203061e-01,3.203061e-01,3.203058e-01,3.203054e-01,3.203052e-01,3.203062e-01,3.203062e-01,3.203054e-01,3.203056e-01,3.203059e-01,3.203058e-01,3.203056e-01,3.203057e-01,3.203066e-01,3.203061e-01,3.203061e-01,3.203065e-01,3.203057e-01,3.203049e-01,3.203064e-01,3.203055e-01,3.203049e-01,3.203062e-01,3.203055e-01,3.203058e-01,3.203035e-01,3.203063e-01,3.203061e-01,3.203053e-01,3.203071e-01,3.203067e-01,3.203044e-01,3.203050e-01,3.203071e-01,3.203016e-01,3.203073e-01,3.203076e-01,3.203029e-01,3.203059e-01,3.203009e-01,3.203022e-01,3.203115e-01,3.202943e-01,3.203119e-01,3.203130e-01,3.203151e-01,3.202920e-01,3.203250e-01,3.203323e-01,3.203350e-01,3.203181e-01,3.203299e-01,3.202993e-01,3.203897e-01,3.203032e-01,3.204269e-01,3.202735e-01,3.207863e-01,3.203994e-01,3.207051e-01,3.188030e-01,3.218579e-01,3.241230e-01,3.249996e-01,3.080033e-01,2.514037e-01,2.514037e-01,2.514037e-01
0.000000e+00,0.000000e+00,nan,8.310815e-02,1.091217e-01,1.358610e-01,1.633286e-01,1.904307e-01,2.167551e-01,2.439849e-01,2.709645e-01,2.976872e-01,3.245886e-01,3.512327e-01,3.778341e-01,4.042272e-01,4.306052e-01,4.569474e-01,4.830905e-01,5.091586e-01,5.350379e-01,5.608552e-01,5.864966e-01,6.120228e-01,6.373853e-01,6.625976e-01,6.876528e-01,7.125541e-01,7.372869e-01,7.618536e-01,7.862321e-01,8.104462e-01,8.344752e-01,8.583282e-01,8.819810e-01,9.054394e-01,9.287058e-01,9.517762e-01,9.746422e-01,9.973052e-01,1.019761e+00,1.042013e+00,1.064046e+00,1.085870e+00,1.107479e+00,1.128868e+00,1.150046e+00,1.170995e+00,1.191728e+00,1.212236e+00,1.232522e+00,1.252585e+00,1.272420e+00,1.292032e+00,1.311418e+00,1.330576e+00,1.349510e+00,1.368216e+00,1.386695e+00,1.404946e+00,1.422972e+00,1.440771e+00,1.458346e+00,1.475694e+00,1.492816e+00,1.509716e+00,1.526394e+00,1.542847e+00,1.559078e+00,1.575090e+00,1.590880e+00,1.606454e+00,1.621807e+00,1.636947e+00,1.651873e+00,1.666581e+00,1.681080e+00,1.695367e+00,1.709443e+00,1.723311e+00,1.736976e+00,1.750431e+00,1.763683e+00,1.776736e+00,1.789585e+00,1.802241e+00,1.814693e+00,1.826955e+00,1.839019e+00,1.850894e+00,1.862575e+00,1.874071e+00,1.885370e+00,1.896496e+00,1.907433e+00,1.918196e+00,1.928767e+00,1.939176e+00,1.949391e+00,1.959430e+00,1.969317e+00,1.979007e+00,1.988532e+00,1.997911e+00,2.007109e+00,2.016141e+00,2.025011e+00,2.033719e+00,2.042268e+00,1.445791e+00,1.438796e+00,1.432447e+00,1.426760e+00,1.421744e+00,1.417398e+00,1.413745e+00,1.410762e+00,1.408462e+00,1.406823e+00,1.405840e+00,1.405489e+00,1.405776e+00,1.406665e+00,1.408157e+00,1.410212e+00,1.412817e+00,1.415948e+00,1.419584e+00,1.423701e+00,1.428270e+00,1.433270e+00,1.438675e+00,1.444458e+00,1.450597e+00,1.457065e+00,1.463837e+00,1.470886e+00,1.478190e+00,1.485723e+00,1.493461e+00,1.501379e+00,1.509455e+00,1.517663e+00,1.525981e+00,1.534386e+00,1.542855e+00,1.551366e+00,1.559897e+00,1.568425e+00,1.576930e+00,1.585392e+00,1.593787e+00,1.602098e+00,1.610303e+00,1.618383e+00,1.626318e+00,1.634092e+00,1.641683e+00,1.649075e+00,1.656251e+00,1.663193e+00,1.669885e+00,1.676313e+00,1.682459e+00,1.688310e+00,1.693853e+00,1.699073e+00,1.703958e+00,1.708497e+00,1.712679e+00,1.716494e+00,1.719932e+00,1.722986e+00,1.725648e+00,1.727912e+00,1.729771e+00,1.731222e+00,1.732261e+00,1.732885e+00,1.733094e+00
0.000000e+00,0.000000e+00,nan,8.310815e-02,1.091217e-01,1.358610e-01,1.633286e-01,1.904307e-01,2.167551e-01,2.439849e-01,2.709645e-01,2.976872e-01,3.245886e-01,3.512327e-01,3.778341e-01,4.042272e-01,4.306052e-01,4.569474e-01,4.830905e-01,5.091586e-01,5.350379e-01,5.608552e-01,5.864966e-01,6.120228e-01,6.373853e-01,6.625976e-01,6.876528e-01,7.125541e-01,7.372869e-01,7.618536e-01,7.862321e-01,8.104462e-01,8.344752e-01,8.583282e-01,8.819810e-01,9.054394e-01,9.287058e-01,9.517762e-01,9.746422e-01,9.973052e-01,1.019761e+00,1.042013e+00,1.064046e+00,1.085870e+00,1.107479e+00,1.128868e+00,1.150046e+00,1.170995e+00,1.191728e+00,1.212236e+00,1.232522e+00,1.252585e+00,1.272420e+00,1.292032e+00,1.311418e+00,1.330576e+00,1.349510e+00,1.368216e+00,1.386695e+00,1.404946e+00,1.422972e+00,1.440771e+00,1.458346e+00,1.475694e+00,1.492816e+00,1.509716e+00,1.526394e+00,1.542847e+00,1.559078e+00,1.575090e+00,1.590880e+00,1.606454e+00,1.621807e+00,1.636947e+00,1.651873e+00,1.666581e+00,1.681080e+00,1.695367e+00,1.709443e+00,1.723311e+00,1.736976e+00,1.750431e+00,1.763683e+00,1.776736e+00,1.789585e+00,1.802241e+00,1.814693e+00,1.826955e+00,1.839019e+00,1.850894e+00,1.862575e+00,1.874071e+00,1.885370e+00,1.896496e+00,1.907433e+00,1.918196e+00,1.928767e+00,1.939176e+00,1.949391e+00,1.959430e+00,1.969317e+00,1.979007e+00,1.988532e+00,1.997911e+00,2.007109e+00,2.016141e+00,2.025011e+00,2.033719e+00,2.042268e+00,1.445791e+00,1.438796e+00,1.432447e+00,1.426760e+00,1.421744e+00,1.417398e+00,1.413745e+00,1.410762e+00,1.408462e+00,1.406823e+00,1.405840e+00,1.405489e+00,1.405776e+00,1.406665e+00,1.408157e+00,1.410212e+00,1.412817e+00,1.415948e+00,1.419584e+00,1.423701e+00,1.428270e+00,1.433270e+00,1.438675e+00,1.444458e+00,1.450597e+00,1.457065e+00,1.463837e+00,1.470886e+00,1.478190e+00,1.485723e+00,1.493461e+00,1.501379e+00,1.509455e+00,1.517663e+00,1.525981e+00,1.534386e+00,1.542855e+00,1.551366e+00,1.559897e+00,1.568425e+00,1.576930e+00,1.585392e+00,1.593787e+00,1.602098e+00,1.610303e+00,1.618383e+00,1.626318e+00,1.634092e+00,1.641683e+00,1.649075e+00,1.656251e+00,1.663193e+00,1.669885e+00,1.676313e+00,1.682459e+00,1.688310e+00,1.693853e+00,1.699073e+00,1.703958e+00,1.708497e+00,1.712679e+00,1.716494e+00,1.719932e+00,1.722986e+00,1.725648e+00,1.727912e+00,1.729771e+00,1.731222e+00,1.732261e+00,1.732885e+00,1.733094e+00
2.450964e+00,2.451078e+00,nan,2.449471e+00,2.448211e+00,2.446754e+00,2.444877e+00,2.442686e+00,2.440223e+00,2.437357e+00,2.434169e+00,2.430680e+00,2.426821e+00,2.422674e+00,2.418189e+00,2.413424e+00,2.408321e+00,2.402880e+00,2.397155e+00,2.391118e+00,2.384796e+00,2.378153e+00,2.371233e+00,2.364009e+00,2.356508e+00,2.348722e+00,2.340658e+00,2.332317e+00,2.323709e+00,2.314833e+00,2.305705e+00,2.296315e+00,2.286674e+00,2.276782e+00,2.266655e+00,2.256294e+00,2.245699e+00,2.234875e+00,2.223833e+00,2.212574e+00,2.201102e+00,2.189422e+00,2.177545e+00,2.165469e+00,2.153202e+00,2.140751e+00,2.128113e+00,2.115305e+00,2.102323e+00,2.089175e+00,2.075866e+00,2.062398e+00,2.048782e+00,2.035016e+00,2.021108e+00,2.007063e+00,1.992883e+00,1.978574e+00,1.964142e+00,1.949590e+00,1.934922e+00,1.920144e+00,1.905255e+00,1.890266e+00,1.875177e+00,1.859992e+00,1.844715e+00,1.829352e+00,1.813905e+00,1.798377e+00,1.782772e+00,1.767094e+00,1.751346e+00,1.735532e+00,1.719653e+00,1.703714e+00,1.687718e+00,1.671668e+00,1.655568e+00,1.639418e+00,1.623220e+00,1.606981e+00,1.590702e+00,1.574383e+00,1.558030e+00,1.541639e+00,1.525223e+00,1.508773e+00,1.492300e+00,1.475798e+00,1.459278e+00,1.442734e+00,1.426181e+00,1.409597e+00,1.393003e+00,1.376387e+00,1.359772e+00,1.343126e+00,1.326492e+00,1.309853e+00,1.293176e+00,1.276532e+00,1.259876e+00,1.243183e+00,1.226511e+00,1.209838e+00,1.193165e+00,1.176493e+00,1.159824e+00,2.352895e+00,2.367051e+00,2.380141e+00,2.392092e+00,2.402833e+00,2.412321e+00,2.420448e+00,2.427218e+00,2.432536e+00,2.436402e+00,2.438767e+00,2.439630e+00,2.438907e+00,2.436631e+00,2.432723e+00,2.427233e+00,2.420121e+00,2.411393e+00,2.401030e+00,2.389032e+00,2.375415e+00,2.360169e+00,2.343306e+00,2.324831e+00,2.304750e+00,2.283066e+00,2.259798e+00,2.234961e+00,2.208558e+00,2.180607e+00,2.151122e+00,2.120114e+00,2.087606e+00,2.053609e+00,2.018144e+00,1.981228e+00,1.942881e+00,1.903120e+00,1.861968e+00,1.819449e+00,1.775583e+00,1.730394e+00,1.683909e+00,1.636154e+00,1.587156e+00,1.536943e+00,1.485546e+00,1.432998e+00,1.379328e+00,1.324573e+00,1.268768e+00,1.211951e+00,1.154160e+00,1.095436e+00,1.035819e+00,9.753543e-01,9.140859e-01,8.520589e-01,7.893224e-01,7.259244e-01,6.619152e-01,5.973461e-01,5.322696e-01,4.667399e-01,4.008109e-01,3.345375e-01,2.679771e-01,2.011858e-01,1.342202e-01,6.713935e-02,-2.273421e-07
2.450964e+00,2.451078e+00,nan,2.451716e+00,2.452119e+00,2.452827e+00,2.453644e+00,2.454611e+00,2.455714e+00,2.456982e+00,2.458387e+00,2.459940e+00,2.461627e+00,2.463469e+00,2.465444e+00,2.467578e+00,2.469844e+00,2.472238e+00,2.474779e+00,2.477460e+00,2.480280e+00,2.483227e+00,2.486316e+00,2.489531e+00,2.492881e+00,2.496358e+00,2.499960e+00,2.503689e+00,2.507543e+00,2.511519e+00,2.515616e+00,2.519831e+00,2.524163e+00,2.528607e+00,2.533166e+00,2.537837e+00,2.542616e+00,2.547501e+00,2.552491e+00,2.557585e+00,2.562777e+00,2.568067e+00,2.573455e+00,2.578935e+00,2.584506e+00,2.590167e+00,2.595914e+00,2.601746e+00,2.607659e+00,2.613652e+00,2.619723e+00,2.625867e+00,2.632085e+00,2.638373e+00,2.644729e+00,2.651149e+00,2.657632e+00,2.664175e+00,2.670776e+00,2.677432e+00,2.684141e+00,2.690902e+00,2.697708e+00,2.704562e+00,2.711458e+00,2.718394e+00,2.725370e+00,2.732381e+00,2.739425e+00,2.746500e+00,2.753603e+00,2.760734e+00,2.767886e+00,2.775061e+00,2.782255e+00,2.789465e+00,2.796690e+00,2.803926e+00,2.811172e+00,2.818426e+00,2.825685e+00,2.832945e+00,2.840207e+00,2.847468e+00,2.854724e+00,2.861975e+00,2.869216e+00,2.876448e+00,2.883667e+00,2.890871e+00,2.898058e+00,2.905227e+00,2.912372e+00,2.919498e+00,2.926597e+00,2.933671e+00,2.940714e+00,2.947728e+00,2.954707e+00,2.961650e+00,2.968561e+00,2.975429e+00,2.982258e+00,2.989047e+00,2.995790e+00,3.002488e+00,3.009138e+00,3.015739e+00,3.022288e+00,3.027008e+00,3.020284e+00,3.013181e+00,3.005713e+00,2.997894e+00,2.989739e+00,2.981261e+00,2.972477e+00,2.963400e+00,2.954048e+00,2.944436e+00,2.934584e+00,2.924503e+00,2.914214e+00,2.903727e+00,2.893066e+00,2.882245e+00,2.871280e+00,2.860187e+00,2.848983e+00,2.837685e+00,2.826307e+00,2.814867e+00,2.803381e+00,2.791864e+00,2.780330e+00,2.768795e+00,2.757276e+00,2.745787e+00,2.734341e+00,2.722954e+00,2.711639e+00,2.700413e+00,2.689286e+00,2.678275e+00,2.667391e+00,2.656649e+00,2.646060e+00,2.635638e+00,2.625395e+00,2.615343e+00,2.605495e+00,2.595862e+00,2.586455e+00,2.577286e+00,2.568365e+00,2.559703e+00,2.551311e+00,2.543198e+00,2.535373e+00,2.527847e+00,2.520629e+00,2.513725e+00,2.507147e+00,2.500900e+00,2.494993e+00,2.489432e+00,2.484225e+00,2.479378e+00,2.474896e+00,2.470785e+00,2.467050e+00,2.463697e+00,2.460728e+00,2.458147e+00,2.455958e+00,2.454163e+00,2.452765e+00,2.451765e+00,2.451165e+00,2.450964e+00
nan,nan,nan,-3.932438e+01,-4.546599e+01,-4.700980e+01,-4.590052e+01,-4.576316e+01,-4.714874e+01,-4.639931e+01,-4.608059e+01,-4.604757e+01,-4.563012e+01,-4.543637e+01,-4.518328e+01,-4.503591e+01,-4.477403e+01,-4.443622e+01,-4.416655e+01,-4.385210e+01,-4.357478e+01,-4.323421e+01,-4.291462e+01,-4.256808e+01,-4.222547e+01,-4.187872e+01,-4.152522e+01,-4.116432e+01,-4.079714e+01,-4.042801e+01,-4.006186e+01,-3.968567e+01,-3.930914e+01,-3.892829e+01,-3.855120e+01,-3.817563e+01,-3.779877e+01,-3.742176e+01,-3.704741e+01,-3.667574e+01,-3.630562e+01,-3.593732e+01,-3.557509e+01,-3.521576e+01,-3.485973e+01,-3.451049e+01,-3.416315e+01,-3.382360e+01,-3.348811e+01,-3.315894e+01,-3.283592e+01,-3.251806e+01,-3.220824e+01,-3.190458e+01,-3.160804e+01,-3.131860e+01,-3.103627e+01,-3.076155e+01,-3.049469e+01,-3.023586e+01,-2.998526e+01,-2.974354e+01,-2.950933e+01,-2.928473e+01,-2.906861e+01,-2.886187e+01,-2.866482e+01,-2.847744e+01,-2.830000e+01,-2.813320e+01,-2.797643e+01,-2.783173e+01,-2.769768e+01,-2.757607e+01,-2.746728e+01,-2.737083e+01,-2.728886e+01,-2.722152e+01,-2.716932e+01,-2.713370e+01,-2.711622e+01,-2.711712e+01,-2.713850e+01,-2.718306e+01,-2.725130e+01,-2.734735e+01,-2.747192e+01,-2.763109e+01,-2.782677e+01,-2.806536e+01,-2.835154e+01,-2.869474e+01,-2.909894e+01,-2.958443e+01,-3.015876e+01,-3.084659e+01,-3.166438e+01,-3.265794e+01,-3.385641e+01,-3.532925e+01,-3.719036e+01,-3.953819e+01,-4.261881e+01,-4.683484e+01,-5.281603e+01,-6.196536e+01,-7.759938e+01,-1.101560e+02,-2.184494e+02,1.102616e+03,1.099112e+02,4.753498e+01,2.577361e+01,1.516361e+01,9.170230e+00,5.537638e+00,3.241131e+00,1.779225e+00,8.582176e-01,3.053650e-01,8.051502e-03,-1.068170e-01,-9.183931e-02,1.706035e-02,1.935689e-01,4.187745e-01,6.788180e-01,9.633391e-01,1.264789e+00,1.577780e+00,1.898167e+00,2.223189e+00,2.550858e+00,2.879831e+00,3.209292e+00,3.538925e+00,3.868698e+00,4.198695e+00,4.529225e+00,4.860806e+00,5.193875e+00,5.529166e+00,5.867251e+00,6.208825e+00,6.554488e+00,6.904953e+00,7.260785e+00,7.622591e+00,7.990859e+00,8.366047e+00,8.748539e+00,9.138532e+00,9.536242e+00,9.941669e+00,1.035467e+01,1.077497e+01,1.120212e+01,1.163542e+01,1.207406e+01,1.251691e+01,1.296262e+01,1.340966e+01,1.385616e+01,1.430010e+01,1.473909e+01,1.517063e+01,1.559189e+01,1.599996e+01,1.639174e+01,1.676392e+01,1.711338e+01,1.743680e+01,1.773102e+01,1.799304e+01,1.821997e+01,1.840939e+01,1.855906e+01,1.866727e+01,1.866727e+01,1.866727e+01
0.000000e+00,0.000000e+00,0.000000e+00,1.528188e-01,1.321989e-01,1.279049e-01,1.310481e-01,1.315046e-01,1.277127e-01,1.298574e-01,1.308477e-01,1.310451e-01,1.323562e-01,1.330459e-01,1.339262e-01,1.345135e-01,1.354595e-01,1.366590e-01,1.376770e-01,1.388606e-01,1.399546e-01,1.412794e-01,1.425689e-01,1.439804e-01,1.454148e-01,1.468999e-01,1.484468e-01,1.500606e-01,1.517400e-01,1.534711e-01,1.552370e-01,1.570892e-01,1.589929e-01,1.609656e-01,1.629770e-01,1.650370e-01,1.671589e-01,1.693399e-01,1.715692e-01,1.738474e-01,1.761810e-01,1.785699e-01,1.809946e-01,1.834708e-01,1.859974e-01,1.885566e-01,1.911744e-01,1.938193e-01,1.965114e-01,1.992377e-01,2.019988e-01,2.047997e-01,2.076225e-01,2.104773e-01,2.133569e-01,2.162598e-01,2.191847e-01,2.221262e-01,2.250808e-01,2.280447e-01,2.310141e-01,2.339816e-01,2.369545e-01,2.399140e-01,2.428653e-01,2.457981e-01,2.487059e-01,2.515852e-01,2.544296e-01,2.572288e-01,2.599836e-01,2.626715e-01,2.653003e-01,2.678488e-01,2.703083e-01,2.726781e-01,2.749327e-01,2.770652e-01,2.790655e-01,2.809141e-01,2.825904e-01,2.840874e-01,2.853798e-01,2.864362e-01,2.872490e-01,2.877743e-01,2.880051e-01,2.878813e-01,2.873888e-01,2.864714e-01,2.850966e-01,2.831913e-01,2.807460e-01,2.776077e-01,2.737657e-01,2.690770e-01,2.635096e-01,2.568349e-01,2.490395e-01,2.399006e-01,2.290768e-01,2.165857e-01,2.019613e-01,1.847183e-01,1.646304e-01,1.410293e-01,1.131795e-01,8.012546e-02,4.060358e-02,8.069679e-03,8.030641e-02,1.841365e-01,3.366673e-01,5.671160e-01,9.291401e-01,1.524147e+00,2.579045e+00,4.652181e+00,9.549073e+00,2.656817e+01,9.974432e+02,7.441891e+01,8.567160e+01,4.564721e+02,3.982047e+01,1.821857e+01,1.112539e+01,7.760569e+00,5.851902e+00,4.644689e+00,3.823051e+00,3.232730e+00,2.790796e+00,2.449005e+00,2.177556e+00,1.957107e+00,1.774680e+00,1.621311e+00,1.490577e+00,1.377763e+00,1.279401e+00,1.192806e+00,1.115953e+00,1.047238e+00,9.854093e-01,9.294478e-01,8.785454e-01,8.320343e-01,7.893732e-01,7.501087e-01,7.138643e-01,6.803290e-01,6.492318e-01,6.203489e-01,5.934888e-01,5.684843e-01,5.451936e-01,5.234936e-01,5.032754e-01,4.844461e-01,4.669238e-01,4.506343e-01,4.355154e-01,4.215073e-01,4.085619e-01,3.966324e-01,3.856804e-01,3.756683e-01,3.665642e-01,3.583425e-01,3.509739e-01,3.444384e-01,3.387159e-01,3.337891e-01,3.296449e-01,3.262698e-01,3.236551e-01,3.217929e-01,3.217929e-01,3.217929e-01
